Agenda;Agenda
AgendaEventos;Agenda
AgendaEventosAtendimento;Agenda
AgendaEventosProdutos;Agenda
AgendaEventosUsuarios;Agenda
AutorizacaoCompra;Comercial
CanalVenda;Comercial
ClientesAutorizacaoVenda;Comercial
ClientesTelevenda;Comercial
ConferenciaPedidoCompra;Comercial
ConferenciaPedidoCompraProdutos;Comercial
CotacaoCompra;Comercial
CotacaoCompraAdicionais;Comercial
CotacaoCompraAnexos;Comercial
DevolucaoVenda;Comercial
DevolucaoVendaProdutos;Comercial
IndicadorVenda;Comercial
MarketingVendas;Comercial
PedidoCompra;Comercial
PedidoCompraDistribFinanceira;Comercial
PedidoCompraParcelas;Comercial
PedidoCompraProdutos;Comercial
PedidoCompraProdutosFichaTecnica;Comercial
PropostaVenda;Comercial
PropostaVendaClientes;Comercial
PropostaVendaImoveis;Comercial
PropostaVendaPagamentos;Comercial
PropostaVendaProcessos;Comercial
PropostaVendaProdutos;Comercial
PropostaVendaServico;Comercial
RequisicaoCompra;Comercial
RequisicaoCompraAnexos;Comercial
SetorCompra;Comercial
SituacaoPedidoCompra;Comercial
SituacaoPedidoCompraUsuarioAutorizado;Comercial
TicketVenda;Comercial
TicketVendaOcorrencia;Comercial
TipoAcaoVenda;Comercial
TipoAcaoVendaProxima;Comercial
TipoCompra;Comercial
TipoProcessoVenda;Comercial
VendaCancelada;Comercial
VendaCanceladaProdutos;Comercial
ClientesGrupoEstoque;Estoque
CriticaEstoqueItem;Estoque
GrupoEstoque;Estoque
GrupoEstoqueSeriePedido;Estoque
LocalEstoque;Estoque
MovimentoEstoque;Estoque
MovimentoEstoqueAdicionais;Estoque
MovimentoEstoqueCancelado;Estoque
MovimentoEstoqueCI;Estoque
MovimentoEstoqueDevolucao;Estoque
MovimentoEstoqueECF;Estoque
MovimentoEstoqueImportacao;Estoque
MovimentoEstoqueIPI;Estoque
MovimentoEstoqueNumSerie;Estoque
MovimentoEstoqueOrcamento;Estoque
MovimentoEstoquePISCOFINS;Estoque
MovimentoEstoqueRepositorio;Estoque
MovimentoEstoqueUB;Estoque
ProdutosEstoque;Estoque
ProdutosEstoqueCI;Estoque
ProdutosEstoqueConsignado;Estoque
ProdutosEstoqueDiarioPAF;Estoque
ProdutosEstoquePalete;Estoque
ProdutosEstoqueReceitaNaoTributadaPisCofins;Estoque
ProdutosLocalEstoque;Estoque
ProdutosLocalEstoqueCliente;Estoque
WMSMovimentoEstoque;Estoque
aPagar;Financeiro
aPagarAnexos;Financeiro
aPagarAutorizacoes;Financeiro
aPagarBaixa;Financeiro
aPagarDevolucao;Financeiro
aPagarDistribFinanceira;Financeiro
aPagarPISCOFINS;Financeiro
aPagarRastreamentoEletronico;Financeiro
aPagarRecibo;Financeiro
ApagarReinf;Financeiro
aReceber;Financeiro
aReceberAnexos;Financeiro
aReceberBaixa;Financeiro
aReceberCobranca;Financeiro
aReceberCobrancaRepositorio;Financeiro
aReceberConciliador;Financeiro
aReceberDevolvido;Financeiro
aReceberDistribFinanceira;Financeiro
aReceberPortalDocumentos;Financeiro
aReceberProtesto;Financeiro
aReceberRemessaCNAB;Financeiro
aReceberRepositorio;Financeiro
aReceberSERASA;Financeiro
BorderoDescontoaReceber;Financeiro
CobrancasAReceber;Financeiro
MovimentoCaixaBancoAPagar;Financeiro
MovimentoCaixaBancoAReceber;Financeiro
AjusteICMS;Fiscal
AjusteICMSDocumentoFiscal;Fiscal
AjusteICMSTabela52;Fiscal
ApuracaoICMS;Fiscal
MotivoDesoneracaoICMS;Fiscal
MovimentoEstoqueICMS;Fiscal
NotaEntradaAjusteICMS;Fiscal
NotaFiscalEventos;Fiscal
NotaSaidaAjusteICMS;Fiscal
SerieNotaFiscal;Fiscal
SerieNotaFiscalDispositivosNFE;Fiscal
SPEDInformacaoAdicionalICMS;Fiscal
AcessosPortaria;Outros
AdministradorasCartaoCredito;Outros
AjusteApuracaoPISCOFINS;Outros
AjusteIPI;Outros
ANSServicos;Outros
AreasMesas;Outros
AribaConfiguracao;Outros
AribaPedido;Outros
AribaPedidoItem;Outros
ArquivosImportadosFV;Outros
ArquivosNFe;Outros
Assuntos;Outros
Atendimento;Outros
AtendimentoAnexos;Outros
AtendimentoIteracao;Outros
AtendimentoPrazo;Outros
AtendimentoPrioridade;Outros
BoletimRecebimento;Outros
BoletimRecebimentoCarga;Outros
BoletimRecebimentoDespesas;Outros
BoletimRecebimentoDocumento;Outros
Bonificacao;Outros
BorderoDesconto;Outros
BorderoDescontoaChequesRecebidos;Outros
CAE;Outros
CaixaBanco;Outros
CalculoMargemContribuicao;Outros
Campanha;Outros
CampanhaFiltros;Outros
CampanhaOperador;Outros
CampanhaPedreira;Outros
CampanhaPedreiraMix;Outros
CampanhaPedreiraProduto;Outros
CampanhaPesquisa;Outros
CampanhaPesquisaResposta;Outros
CampanhaProduto;Outros
CamposBloqueados;Outros
Cargas;Outros
CargasConferencia;Outros
CargasConferenciaItem;Outros
CargasFusion;Outros
CargasFusionPedidos;Outros
CargasSituacao;Outros
CartaCorrecao;Outros
CategoriaProduto;Outros
CategoriaVeiculo;Outros
CentroCusto;Outros
CentroCustoMensagemData;Outros
CEPBairros;Outros
CEPCidades;Outros
CEPLogradouros;Outros
ChequesEmitidos;Outros
ChequesRecebidos;Outros
ChequesRecebidosSituacao;Outros
Cidades;Outros
CilindradaVeiculo;Outros
Cirurgias;Outros
CirurgiasProdutos;Outros
CirurgiasProdutosLote;Outros
ClasseFinanceira;Outros
ClasseFinanceiraGM;Outros
ClasseFinanceiraGMSaldos;Outros
ClasseFinanceiraOrcamento;Outros
ClassificacaoAtendimento;Outros
ClassificacaoCaixaBanco;Outros
ClassificacaoEquipamento;Outros
ClassificacaoProduto;Outros
ClassificacaoRDM;Outros
Clientes;Outros
ClientesAnexos;Outros
ClientesCadastroAcessoAPI;Outros
ClientesCadastroPalm;Outros
ClientesCamposAdicionais;Outros
ClientesCartao;Outros
ClientesCartaoFidelidade;Outros
ClientesCodContabil;Outros
ClientesComissaoProduto;Outros
ClientesContaBancaria;Outros
ClientesContatos;Outros
ClientesCS;Outros
ClientesDependente;Outros
ClientesDescontoPromocional;Outros
ClientesDescontoPromocionalCreditos;Outros
ClientesEmpresa;Outros
ClientesEmpresaProdutoSerie;Outros
ClientesEnderecosAdicionais;Outros
ClientesEnderecosAdicionaisPedagio;Outros
ClientesHistorico;Outros
ClientesHistoricoCampos;Outros
ClientesMedico;Outros
ClientesProdutos;Outros
ClientesRastreamentoEletronico;Outros
ClientesRegraNegocio;Outros
ClientesRelacionados;Outros
ClientesSPC;Outros
ClienteVendedor;Outros
CNAE;Outros
CNPJCNAE;Outros
Cobrancas;Outros
CobrancasChequesRecebidos;Outros
Comanda;Outros
ComandaControleAbertura;Outros
ComandaMesa;Outros
ComandaPagamento;Outros
ComandaPagamentoProduto;Outros
ComandaProduto;Outros
ComandaTransferencia;Outros
ComponenteModulo;Outros
ComponenteProduto;Outros
ComportamentoCliente;Outros
ConcessionariaPedagio;Outros
ConciliacaoBancaria;Outros
ConciliacaoBancariaSaldo;Outros
CondicaoPagamento;Outros
CondicaoPagamentoDesconto;Outros
CondicaoPagamentoEmpresa;Outros
CondicaoPagamentoParcelas;Outros
CondicaoPagamentoSerie;Outros
CondicaoPagamentoVendedores;Outros
Conferentes;Outros
Configuracao;Outros
ConfiguracaoContabil;Outros
ConfiguracaoNFe;Outros
ConfiguracaoProposta;Outros
ConfiguracaoSD;Outros
ConfiguracaoVariavel;Outros
ConfiguracoesTef;Outros
Consulta;Outros
ConsultaFiltro;Outros
ConsultaLayout;Outros
ConsultaRelatorio;Outros
ConsultaRelatorioEmail;Outros
ConsultaRelatorioEmailLog;Outros
ConsultaRelatorioFV;Outros
ConsultaSQL;Outros
ConsultasUsuario;Outros
Contabilista;Outros
ContabLayout3;Outros
ContagemFisica;Outros
ContagemFisicaChassi;Outros
ContagemFisicaConferencia;Outros
ContagemFisicaGrade;Outros
ContagemFisicaLote;Outros
ContratoProduto;Outros
Contratos;Outros
ContratosAnexos;Outros
ContratosANS;Outros
ContratosClientes;Outros
ContratosImoveis;Outros
ContratosPagamentos;Outros
ContratosProdutos;Outros
ContratosTransferencias;Outros
ControleAcessoAPI;Outros
ControleEntrega;Outros
ControleEntregaAbastecimento;Outros
ControleEntregaAnexos;Outros
ControleEntregaCargas;Outros
ControleEntregaColeta;Outros
ControleEntregaDespesas;Outros
ControleEntregaDevolucao;Outros
ControleEntregaPalete;Outros
ControleEntregaPaleteComposicao;Outros
ControleEntregaPessoal;Outros
ControleEntregaProdutos;Outros
CorreiosConfiguracao;Outros
CorreiosConfiguracaoServicos;Outros
CorreiosRemessa;Outros
CorreiosRemessaNotaSaida;Outros
CorVeiculo;Outros
CotacaoDolar;Outros
Cozinha;Outros
CQSRegistros;Outros
CQSRegistrosAtendimento;Outros
CQSRegistrosRDM;Outros
CQSTipoRegistro;Outros
CQSTipoRegistroSetor;Outros
CriticaPedido;Outros
CSOSN;Outros
CTBEntrada;Outros
CTBSaida;Outros
CTeCaracteristicasAdicionais;Outros
CTeCartaCorrecao;Outros
CTeClasseRisco;Outros
CTeCobranca;Outros
CTeComplementado;Outros
CTeComponentesValorServico;Outros
CTeComponenteValorComplementado;Outros
CTeCTeContainer;Outros
CTeDCL;Outros
CTeDestinado;Outros
CTeDestinadoEventos;Outros
CTeDocumentoAdicional;Outros
CteDocumentoAnterior;Outros
CTeEmbalagemProdPerigoso;Outros
CTeEmpresasFaturamentoCarga;Outros
CTeEventos;Outros
CTeFerrovias;Outros
CTeFluxoCarga;Outros
CTeIBS_CBS;Outros
CTeIdentificacao;Outros
CTeInfoCarga;Outros
CTeInfoDispositivoValePedagio;Outros
CTeInfoSeguroCarga;Outros
CTeLacre;Outros
CTeModalAereo;Outros
CTeModalAquaviario;Outros
CTeModalDutoviario;Outros
CTeModalFerroviario;Outros
CTeModalRodoviario;Outros
CTeModalRodoviarioLacre;Outros
CTeMotorista;Outros
CTeMotoristaModalRodoviario;Outros
CTeOrdemColetaTransporte;Outros
CTePaises;Outros
CTePISCOFINS;Outros
CTePontoFulgor;Outros
CTePortos;Outros
CTeProdutosPerigosos;Outros
CTeQtdProduto;Outros
CTeRNTRC;Outros
CTeSerie;Outros
CTeTipoVolume;Outros
CTeTransportador;Outros
CTeVagaoContainer;Outros
CTeVagoes;Outros
CTeVagoesFerrovias;Outros
CTeVeiculoNovo;Outros
CupomItemCancelado;Outros
CupomTemporario;Outros
CupomTemporarioCRMBonus;Outros
CupomTemporarioFaturamento;Outros
CupomTemporarioPagamento;Outros
DAVProdutosAlterados;Outros
DeducoesPisCofins;Outros
DespesaCalculoPreco;Outros
DevolucaoOrcamentoProdutos;Outros
DocaCarregamento;Outros
dtproperties;Outros
ECFDocumentosEmitidos;Outros
EmailEnviar;Outros
EmailEnviarAnexo;Outros
Embarques;Outros
Empresas;Outros
EmpresasAutorizadoDownload;Outros
EmpresasConfiguracaoEcommerce;Outros
EmpresasConfiguracaoLogin;Outros
EmpresasConfiguracaoVariavel;Outros
EmpresasCS;Outros
EmpresasFilial;Outros
EmpresasInscricaoEstado;Outros
EmpresasLocalRetirada;Outros
EmpresasMedicamento;Outros
Equipamentos;Outros
EquipamentosAnexos;Outros
EquipamentosContador;Outros
EquipamentosPneus;Outros
ErroEndCli100489;Outros
EspecialidadeMedica;Outros
EspecieDF;Outros
EstruturaIndices;Outros
Etiqueta;Outros
Exclusoes;Outros
Farmaceuticos;Outros
FechamentoCaixa;Outros
FechamentoGMil;Outros
Feriados;Outros
FiltroForm;Outros
FiltroFormAnexos;Outros
FiltroFormControles;Outros
FinalidadeTributacao;Outros
FormaAtualizacao;Outros
FormaPagamento;Outros
FornecedorProduto;Outros
FreteCidade;Outros
FretePedreira;Outros
FuncaoFuncionario;Outros
FuncaoPessoal;Outros
FuncaoPessoalAcesso;Outros
GeneroItem;Outros
GMDespesaCarregamento;Outros
GNRE;Outros
GNRENotaEntrada;Outros
GradeColuna;Outros
GradeLinha;Outros
GridPesquisa;Outros
GridPesquisaLayout;Outros
GrupoConsulta;Outros
GrupoEmpresa;Outros
GrupoNM;Outros
GrupoUsuario;Outros
GrupoUsuarioMembros;Outros
Historico;Outros
HistoricoPrecoTabelaPercComissao;Outros
HorarioTrabalho;Outros
Imoveis;Outros
ImportacaoRegistro;Outros
IndiceFinanceiro;Outros
IndiceFinanceiroValores;Outros
IntegracaoEcommerce;Outros
IntegracaoKPL;Outros
IntegradorConfiguracao;Outros
IntegradorExclusao;Outros
IntegradorHistorico;Outros
IntegradorRotina;Outros
IntegradorRotinaTabela;Outros
IntegradorTabela;Outros
IntegradorTabelaCampos;Outros
InutilizacaoNFe;Outros
InventarioGravado;Outros
InventarioSPED;Outros
LancamentoPadrao;Outros
LancamentosContab;Outros
LancamentosNM;Outros
LayoutCNAB;Outros
LigacaoTelefonica;Outros
LigacaoTelefonicaAtendimento;Outros
Linguagem;Outros
LocalEquipamento;Outros
LocalEvento;Outros
Login;Outros
LoteNFSe;Outros
LotesReinf;Outros
ManifestacaoDestinatario;Outros
Mapao;Outros
MapaoSaldoRegiao;Outros
MaquinaProducao;Outros
MaquinetaTEF;Outros
MarcacaoPonto;Outros
MarcaProduto;Outros
MarcaVeiculo;Outros
MarketingContatos;Outros
MarketingProdutos;Outros
MarketingRelacionamento;Outros
MarketingRelacionamentoAnexos;Outros
MDFeAutorizacaoDownload;Outros
MDFeCarregamento;Outros
MDFeCondutor;Outros
MDFeContratante;Outros
MDFeDocumentos;Outros
MDFeEventos;Outros
MDFeIdentificacao;Outros
MDFeIdentificacaoCargas;Outros
MDFeInfoSeguroCarga;Outros
MDFeLacres;Outros
MDFeModalRodoviario;Outros
MDFePagamento;Outros
MDFePagamentoComponente;Outros
MDFePagamentoPrazo;Outros
MDFePamCardRota;Outros
MDFePamCardViagem;Outros
MDFePercurso;Outros
MDFeValePedagio;Outros
MensagensCliente;Outros
MensagensNota;Outros
MensagensProduto;Outros
MensagensUsuario;Outros
MenuEstrutura;Outros
MenuEstruturaControles;Outros
MenuEstruturaFuncaoPessoal;Outros
MenuFavoritos;Outros
MenuHistorico;Outros
Mesas;Outros
Metadados;Outros
MixIdealTipoAtividade;Outros
MixUsualCliente;Outros
ModeloDF;Outros
ModeloProduto;Outros
ModeloVeiculo;Outros
Modulos;Outros
Moedas;Outros
MoedasCotacao;Outros
MotivoAberturaGaveta;Outros
MotivoAtendimento;Outros
MotivoCancelamentoContrato;Outros
MotivoCorte;Outros
MotivoDevolucao;Outros
MotivoLiberacaoCartao;Outros
MotivoReprovacao;Outros
MotivoVisitaNegativa;Outros
MovimentoCaixaBanco;Outros
MovimentoCaixaBancoAnexos;Outros
MovimentoCaixaBancoNFE;Outros
MovimentoCaixaBancoNFS;Outros
MovimentoCaixaBancoRepositorio;Outros
MovimentoCaixabancoTEF;Outros
MovimentoPneus;Outros
MovimentoVeiculo;Outros
NaturezaCreditoPisCofins;Outros
NaturezaOperacao;Outros
NaturezaOperacaoEmpresa;Outros
NaturezaOperacaoSerieDocumento;Outros
NotaDestinada;Outros
NotaDestinadaEvento;Outros
NotaEntrada;Outros
NotaEntradaAdicionais;Outros
NotaEntradaAdicionaisNFe;Outros
NotaEntradaAjustes;Outros
NotaEntradaAnotacao;Outros
NotaEntradaCartaCorrecao;Outros
NotaEntradaCustoAnterior;Outros
NotaEntradaDistribFinanceira;Outros
NotaEntradaImportacao;Outros
NotaEntradaImportacaoPISCOFINS;Outros
NotaEntradaOutrosImpostos;Outros
NotaEntradaPisCofins;Outros
NotaEntradaProdutor;Outros
NotaEntradaRegiao;Outros
NotaEntradaTransportador;Outros
NotaEntradaUB;Outros
NotaSaida;Outros
NotaSaidaAdicionais;Outros
NotaSaidaAdicionaisNFe;Outros
NotaSaidaAjustes;Outros
NotaSaidaAnexos;Outros
NotaSaidaCartaCorrecao;Outros
NotaSaidaCondicaoPagamento;Outros
NotaSaidaCOPEN;Outros
NotaSaidaCRMBonus;Outros
NotaSaidaCTe;Outros
NotaSaidaCTR;Outros
NotaSaidaDistribFinanceira;Outros
NotaSaidaEmbalagem;Outros
NotaSaidaEntrega;Outros
NotaSaidaEntregaProdutos;Outros
NotaSaidaExportacao;Outros
NotaSaidaImportacao;Outros
NotaSaidaImportacaoPISCOFINS;Outros
NotaSaidaLoteNFSe;Outros
NotaSaidaNFSe;Outros
NotaSaidaObservacao;Outros
NotaSaidaOrcamento;Outros
NotaSaidaOutrosImpostos;Outros
NotaSaidaPedido;Outros
NotaSaidaRefNFe;Outros
NotaSaidaRegiao;Outros
NotaSaidaServicoVendedor;Outros
NotaSaidaTransportador;Outros
NotaSaidaUB;Outros
Obras;Outros
ObrasOrcamento;Outros
OcorrenciaPonto;Outros
Ocorrencias;Outros
OrcamentoInativo;Outros
OrcamentoInativoProdutos;Outros
OrdemAtualizacao;Outros
OrdemServico;Outros
OrdemServicoAnexos;Outros
OrdemServicoEquipamento;Outros
OrdemServicoProdutos;Outros
OrdemServicoVeiculo;Outros
OrigemAtendimento;Outros
OrigemIteracao;Outros
OrigemPedido;Outros
OrigemProduto;Outros
OrigemProspecte;Outros
OrigemRDM;Outros
Paises;Outros
Paletes;Outros
PaletesMovimentacao;Outros
PaletesProdutos;Outros
PaletesProdutosLote;Outros
Parentesco;Outros
PastasUsuario;Outros
PDVCaixa;Outros
PDVCaixaFormaPagamento;Outros
PDVCaixaTipoDocumento;Outros
PDVReplicacaoExclusao;Outros
Pedagio;Outros
Perguntas;Outros
Pesagem;Outros
PesagemNM;Outros
PesagemVeiculo;Outros
Pesquisas;Outros
PesquisasPerguntas;Outros
Pessoal;Outros
PlanilhaManutencao;Outros
Portadores;Outros
PreOrdemServico;Outros
PreOrdemServicoAnexos;Outros
PreOrdemServicoProdutos;Outros
PrincipioAtivo;Outros
Problemas;Outros
ProcedimentoCirurgico;Outros
ProcedimentoCirurgicoConvenio;Outros
ProcedimentoCirurgicoProdutos;Outros
ProcessoProducao;Outros
Producao;Outros
ProducaoControle;Outros
ProducaoControleExpedicao;Outros
ProducaoControleExpedicaoProdutos;Outros
ProducaoControleFase;Outros
ProducaoControleHistorico;Outros
ProducaoControleObservacao;Outros
ProducaoControlePerda;Outros
ProducaoCozinha;Outros
ProducaoFuncionario;Outros
ProducaoFuncionarioRH;Outros
ProducaoFuncionarios;Outros
ProducaoLotes;Outros
ProducaoPerdas;Outros
ProducaoProcessos;Outros
ProducaoReprocessamento;Outros
ProducaoRequisicoes;Outros
ProducaoRequisicoesSubstituicaoInsumo;Outros
Produtos;Outros
ProdutosAnexos;Outros
ProdutosCalculoPreco;Outros
ProdutosCamposUsuario;Outros
ProdutosCodigosAdicionais;Outros
ProdutosComissaoCondicao;Outros
ProdutosComplemento;Outros
ProdutosConfiguracaoBalanca;Outros
ProdutosConfiguracaoCliente;Outros
ProdutosEquivalentes;Outros
ProdutosFalta;Outros
ProdutosFichaTecnica;Outros
ProdutosFornecedorUnidade;Outros
ProdutosHistoricoPrecos;Outros
ProdutosInformacaoBalanca;Outros
ProdutosLista;Outros
ProdutosLote;Outros
ProdutosMadeira;Outros
ProdutosMarcas;Outros
ProdutosMedicamento;Outros
ProdutosModelos;Outros
ProdutosPromocaoAurora;Outros
ProdutosRegiao;Outros
ProdutosSoftware;Outros
ProdutosTipoAtividade;Outros
ProdutosTransformacao;Outros
ProdutosTransformacaoItem;Outros
ProdutosTributacaoCliente;Outros
ProdutosVeiculo;Outros
ProdutosVersoes;Outros
Prospectes;Outros
ProspectesContatos;Outros
QuadroHorarioPessoal;Outros
QuadroHorarioSetor;Outros
RDM;Outros
RDMAlteracaoProduto;Outros
RDMAnalise;Outros
RDMAnexos;Outros
RDMArquivosAtualizacao;Outros
RDMBranch;Outros
RDMCausaErro;Outros
RDMHistorico;Outros
RDMHistoricoExecucao;Outros
RDMMotivo;Outros
RDMObservacao;Outros
RDMOrcamento;Outros
RDMSituacao;Outros
RDMSprint;Outros
RDMTags;Outros
RDMTesteExecucao;Outros
RDMTesteReprovacao;Outros
RDMTesteRoteiro;Outros
ReceitaNaoTributadaPisCofins;Outros
ReciboDespesa;Outros
ReciboDespesaValores;Outros
ReducoesECF;Outros
ReducoesECFAliquota;Outros
Regioes;Outros
RegioesDespesas;Outros
RegistroAtivoPermanente;Outros
RegistroFCI;Outros
RegistroFCIProdutos;Outros
RegistroICM_IPI;Outros
RegistroICM_IPI_Valores;Outros
RegistroIPI_Documentos;Outros
RegistroPIS_COFINS;Outros
RegistroPIS_COFINS_Valores;Outros
RegistroSPED_E115;Outros
RegistroSPED_F100;Outros
RegistroTransportador;Outros
Relacionamentos;Outros
RelatoriosUsuario;Outros
RelCustoCabecalho;Outros
RelCustoItensMP;Outros
RemessaCNAB;Outros
Replicacao;Outros
ReplicacaoCampos;Outros
ReplicacaoConfiguracao;Outros
ReplicacaoLista;Outros
ResultadoNovoMeriti;Outros
SaldoCaixaGMil;Outros
Scripts;Outros
SecaoNCM;Outros
SecretariaAreaUso;Outros
SecretariaConvidado;Outros
SecretariaConvite;Outros
SecretariaDiasNegadoAreaUso;Outros
SecretariaDiasNegadoConvite;Outros
SecretariaPerguntaLGPD;Outros
SecretariaPessoa;Outros
SecretariaPortaria;Outros
SecretariaPortariaEntrada;Outros
SecretariaPortariaEntradaConvite;Outros
SecretariaPortariaEntradaVeiculo;Outros
SecretariaQuinhao;Outros
SecretariaQuinhaoPerguntaLGPD;Outros
SecretariaTipoPessoa;Outros
ServicosEfetuados;Outros
ServicosNFe;Outros
ServicosNFeCNPJ;Outros
SetorGM;Outros
SetorOS;Outros
SetorProducao;Outros
SetorProduto;Outros
SimuladorMC;Outros
SintegraECF;Outros
SIPA;Outros
SituacaoCheque;Outros
SituacaoCirurgia;Outros
SituacaoCliente;Outros
SituacaoCobranca;Outros
SituacaoImovel;Outros
SituacaoOS;Outros
SituacaoPedidoCliente;Outros
SituacaoSEF;Outros
SituacaoVeiculo;Outros
Sprints;Outros
STIPI;Outros
STPisCofins;Outros
sysdiagrams;Outros
TabelaCampos;Outros
TabelaCamposHistorico;Outros
TabelaEspecial;Outros
TabelaEspecialClientes;Outros
TabelaEspecialProdutos;Outros
TabelaIBPT;Outros
TabelaICM;Outros
TabelaICMTipoTributacao;Outros
TabelaImpostos;Outros
TabelaIRRF;Outros
TabelaNBS;Outros
TabelaNCM;Outros
TabelaNCMConfiguracao;Outros
TabelaPrecos;Outros
TabelaPrecosCliente;Outros
TabelaReinf;Outros
TabelaReinfNaturezaRendimento;Outros
Tabelas;Outros
Tags;Outros
Tarefas;Outros
TarefasObservacao;Outros
Tempo;Outros
TicketAtendimento;Outros
TicketNaoRegistrado;Outros
TIPI;Outros
TipoAnaliseRDM;Outros
TipoAtendimento;Outros
TipoAtividade;Outros
TipoCaminhao;Outros
TipoCampanha;Outros
TipoCarga;Outros
TipoCargaCalculo;Outros
TipoCausaErroRDM;Outros
TipoCliente;Outros
TipoClienteLimiteAcrescimo;Outros
TipoClienteLimiteDesconto;Outros
TipoComponenteCte;Outros
TipoConservacao;Outros
TipoContrato;Outros
TipoContratoANS;Outros
TipoCreditoPisCofins;Outros
TipoDesconto;Outros
TipoDespesa;Outros
TipoDocumento;Outros
TipoDocumentoCartaoCredito;Outros
TipoEquipamento;Outros
TipoErroCNAB;Outros
TipoErroRDM;Outros
TipoEvento;Outros
TipoGestaoCliente;Outros
TipoGrade;Outros
TipoItem;Outros
TipoIteracao;Outros
TipoLicenca;Outros
TipoLigacao;Outros
TipoManutencao;Outros
TipoMedida;Outros
TipoObra;Outros
TipoPalete;Outros
TipoPerdaProducao;Outros
TipoProduto;Outros
TipoProdutoSerie;Outros
TipoRDM;Outros
TipoRDMEmail;Outros
TipoRelacaoCliente;Outros
TipoRetornoCNAB;Outros
TipoScript;Outros
TipoSegmento;Outros
TipoTotalizadorParcialECF;Outros
TipoTransporte;Outros
TipoTributacao;Outros
TipoVeiculo;Outros
TipoVendedor;Outros
TotaisLote;Outros
TransacaoCartao;Outros
TransacaoCartaoRepositorio;Outros
TransacoesTef;Outros
TransferenciaProdutos;Outros
TransmissaoPalm;Outros
Transportadores;Outros
Unidades;Outros
Usuarios;Outros
UsuariosConfiguracaoFormulario;Outros
UsuariosConfiguracaoVariavel;Outros
VarejoControleEntrega;Outros
VarejoControleEntregaDocumentos;Outros
Veiculos;Outros
VendedorAutorizacaoDesconto;Outros
VendedorComissaoProduto;Outros
VendedorDescontoComissao;Outros
Vendedores;Outros
VendedoresConfiguracaoVariavel;Outros
VendedoresCotas;Outros
VendedoresLimiteDesconto;Outros
VendedoresMensagem;Outros
VendedorProdutosPalm;Outros
VisitasPalm;Outros
WebServiceNFe;Outros
WMSAreaArmazenagem;Outros
WMSAreaArmazenagemWMSProduto;Outros
WMSCargaEntrada;Outros
WMSCargaEntradaItensConferencia;Outros
WMSCargaEntradaNotas;Outros
WMSCargaEntradaNotaSaida;Outros
WMSCargaEntradaNotaSaidaItens;Outros
WMSCargaEntradaVeiculo;Outros
WMSEndereco;Outros
WMSEnderecoLote;Outros
WMSEnderecoProdutoSKU;Outros
WMSMotivoNaoConformidade;Outros
WMSOperacao;Outros
WMSOperacaoFuncaoPessoal;Outros
WMSOrdemServico;Outros
WMSOrdemServicoCargaEntrada;Outros
WMSOrdemServicoConferenciaQuantidadePeso;Outros
WMSOrdemServicoExecucaoProdutos;Outros
WMSOrdemServicoExecucaoProdutosDevolucao;Outros
WMSOrdemServicoExecucaoProdutosPesoVariavel;Outros
WMSOrdemServicoProdutos;Outros
WMSOrdemServicoRelacionamento;Outros
WMSProduto;Outros
WMSProdutoSKU;Outros
WMSProdutoSKUCodigoBarras;Outros
WMSTipoEndereco;Outros
WMSTipoOS;Outros
WMSTipoOSFuncaoPessoal;Outros
WMSUnitizador;Outros
