dbo;AcessosPortaria;CodCliente
dbo;AcessosPortaria;CodDependente
dbo;AcessosPortaria;DataHoraAberturaCancela
dbo;AcessosPortaria;NomeUsuario
dbo;AdministradorasCartaoCredito;CodAdministradora
dbo;Agenda;CodAgenda
dbo;AgendaEventos;NumEvento
dbo;AgendaEventosAtendimento;CodEmpresa
dbo;AgendaEventosAtendimento;Desdobramento
dbo;AgendaEventosAtendimento;NumAtendimento
dbo;AgendaEventosAtendimento;NumEvento
dbo;AgendaEventosProdutos;CodEmpresa
dbo;AgendaEventosProdutos;CodProduto
dbo;AgendaEventosProdutos;NumEvento
dbo;AgendaEventosUsuarios;CodUsuario
dbo;AgendaEventosUsuarios;NumEvento
dbo;AjusteApuracaoPISCOFINS;CodAjustePISCOFINS
dbo;AjusteApuracaoPISCOFINS;CodEmpresa
dbo;AjusteApuracaoPISCOFINS;COFINS_SN
dbo;AjusteApuracaoPISCOFINS;CSTPISCOFINS
dbo;AjusteApuracaoPISCOFINS;MesAnoReferencia
dbo;AjusteApuracaoPISCOFINS;NumeroDocumentoVinculado
dbo;AjusteApuracaoPISCOFINS;PercCOFINS
dbo;AjusteApuracaoPISCOFINS;PercPIS
dbo;AjusteApuracaoPISCOFINS;PIS_SN
dbo;AjusteApuracaoPISCOFINS;TipoAjuste
dbo;AjusteICMS;CodAjusteICMS
dbo;AjusteICMSDocumentoFiscal;CodAjuste
dbo;AjusteICMSTabela52;CodAjuste
dbo;AjusteIPI;CodAjusteIPI
dbo;ANSServicos;idANS
dbo;aPagar;CodCredor
dbo;aPagar;CodEmpresa
dbo;aPagar;Desdobramento
dbo;aPagar;Numero
dbo;aPagarAnexos;CodCredor
dbo;aPagarAnexos;CodEmpresa
dbo;aPagarAnexos;Desdobramento
dbo;aPagarAnexos;NomeArquivo
dbo;aPagarAnexos;Numero
dbo;aPagarAutorizacoes;CodCredor
dbo;aPagarAutorizacoes;CodEmpresa
dbo;aPagarAutorizacoes;Desdobramento
dbo;aPagarAutorizacoes;Numero
dbo;aPagarBaixa;CodCredor
dbo;aPagarBaixa;CodEmpresa
dbo;aPagarBaixa;Desdobramento
dbo;aPagarBaixa;Numero
dbo;aPagarDevolucao;CodCredor
dbo;aPagarDevolucao;CodEmpresa
dbo;aPagarDevolucao;Desdobramento
dbo;aPagarDevolucao;Numero
dbo;aPagarDevolucao;NumeroNF
dbo;aPagarDistribFinanceira;CodCentroCusto
dbo;aPagarDistribFinanceira;CodClasse
dbo;aPagarDistribFinanceira;CodCredor
dbo;aPagarDistribFinanceira;CodEmpresa
dbo;aPagarDistribFinanceira;Desdobramento
dbo;aPagarDistribFinanceira;Numero
dbo;aPagarPISCOFINS;CodCredor
dbo;aPagarPISCOFINS;CodEmpresa
dbo;aPagarPISCOFINS;Desdobramento
dbo;aPagarPISCOFINS;Numero
dbo;aPagarRastreamentoEletronico;CodCredor
dbo;aPagarRastreamentoEletronico;CodEmpresa
dbo;aPagarRastreamentoEletronico;Desdobramento
dbo;aPagarRastreamentoEletronico;Numero
dbo;aPagarRecibo;NumRecibo
dbo;ApagarReinf;CodCredor
dbo;ApagarReinf;CodEmpresa
dbo;ApagarReinf;Desdobramento
dbo;ApagarReinf;Numero
dbo;ApuracaoICMS;ChaveAux
dbo;ApuracaoICMS;CodEmpresa
dbo;ApuracaoICMS;CodObrigacao
dbo;ApuracaoICMS;DataVencimento
dbo;ApuracaoICMS;Estado
dbo;ApuracaoICMS;MesAnoReferencia
dbo;ApuracaoICMS;TipoRegistro
dbo;AreasMesas;CodAreaMesa
dbo;AreasMesas;CodEmpresa
dbo;aReceber;CodEmpresa
dbo;aReceber;Desdobramento
dbo;aReceber;Numero
dbo;aReceberAnexos;CodEmpresa
dbo;aReceberAnexos;Desdobramento
dbo;aReceberAnexos;NomeArquivo
dbo;aReceberAnexos;Numero
dbo;aReceberBaixa;CodEmpresa
dbo;aReceberBaixa;CodTipoDocumento
dbo;aReceberBaixa;Desdobramento
dbo;aReceberBaixa;Numero
dbo;aReceberCobranca;CodEmpresa
dbo;aReceberCobranca;Contador
dbo;aReceberCobranca;Desdobramento
dbo;aReceberCobranca;Numero
dbo;aReceberCobrancaRepositorio;CodEmpresa
dbo;aReceberCobrancaRepositorio;Contador
dbo;aReceberCobrancaRepositorio;Desdobramento
dbo;aReceberCobrancaRepositorio;Numero
dbo;aReceberConciliador;CodEmpresa
dbo;aReceberConciliador;Desdobramento
dbo;aReceberConciliador;Numero
dbo;aReceberDevolvido;CodEmpresa
dbo;aReceberDevolvido;Desdobramento
dbo;aReceberDevolvido;Numero
dbo;aReceberDevolvido;NumeroNFE
dbo;aReceberDistribFinanceira;CodCentroCusto
dbo;aReceberDistribFinanceira;CodClasse
dbo;aReceberDistribFinanceira;CodEmpresa
dbo;aReceberDistribFinanceira;Desdobramento
dbo;aReceberDistribFinanceira;Numero
dbo;aReceberPortalDocumentos;NumRegistro
dbo;aReceberProtesto;CodEmpresa
dbo;aReceberProtesto;Desdobramento
dbo;aReceberProtesto;Numero
dbo;aReceberRemessaCNAB;CodEmpresa
dbo;aReceberRemessaCNAB;CodRemessaCNAB
dbo;aReceberRemessaCNAB;Desdobramento
dbo;aReceberRemessaCNAB;Numero
dbo;aReceberRepositorio;CodEmpresa
dbo;aReceberRepositorio;Desdobramento
dbo;aReceberRepositorio;Numero
dbo;aReceberRepositorio;NumReferencia1
dbo;aReceberRepositorio;NumReferencia2
dbo;aReceberSERASA;NumRegistro
dbo;AribaConfiguracao;CodEmpresa
dbo;AribaPedido;ID
dbo;AribaPedidoItem;ID
dbo;AribaPedidoItem;Ordem
dbo;ArquivosImportadosFV;NomeArquivo
dbo;ArquivosNFe;ChaveAcesso
dbo;ArquivosNFe;CNPJ
dbo;ArquivosNFe;TipoArquivo
dbo;ArquivosNFe;TipoProtocolo
dbo;Assuntos;CodAssunto
dbo;Atendimento;CodEmpresa
dbo;Atendimento;Desdobramento
dbo;Atendimento;NumAtendimento
dbo;AtendimentoAnexos;CodEmpresa
dbo;AtendimentoAnexos;Desdobramento
dbo;AtendimentoAnexos;NomeArquivo
dbo;AtendimentoAnexos;NumAtendimento
dbo;AtendimentoIteracao;CodEmpresa
dbo;AtendimentoIteracao;Desdobramento
dbo;AtendimentoIteracao;NumAtendimento
dbo;AtendimentoIteracao;NumIteracao
dbo;AtendimentoPrazo;CodEmpresa
dbo;AtendimentoPrazo;DataAbertura
dbo;AtendimentoPrazo;Desdobramento
dbo;AtendimentoPrazo;HoraAbertura
dbo;AtendimentoPrazo;NumAtendimento
dbo;AtendimentoPrioridade;CodAtendimentoPrioridade
dbo;AutorizacaoCompra;CodEmpresa
dbo;AutorizacaoCompra;NumAutorizacao
dbo;BoletimRecebimento;CodEmpresa
dbo;BoletimRecebimento;NumBoletim
dbo;BoletimRecebimentoCarga;CodCarga
dbo;BoletimRecebimentoCarga;CodEmpresa
dbo;BoletimRecebimentoCarga;NumBoletim
dbo;BoletimRecebimentoDespesas;CodEmpresa
dbo;BoletimRecebimentoDespesas;NumBoletim
dbo;BoletimRecebimentoDespesas;NumDespesa
dbo;BoletimRecebimentoDocumento;CodEmpresa
dbo;BoletimRecebimentoDocumento;Desdobramento
dbo;BoletimRecebimentoDocumento;NumBoletim
dbo;BoletimRecebimentoDocumento;Numero
dbo;Bonificacao;Numero
dbo;BorderoDesconto;NumDesconto
dbo;BorderoDesconto;CodEmpresa
dbo;BorderoDescontoaChequesRecebidos;CodAgencia
dbo;BorderoDescontoaChequesRecebidos;CodBanco
dbo;BorderoDescontoaChequesRecebidos;CodEmpresa
dbo;BorderoDescontoaChequesRecebidos;NumDesconto
dbo;BorderoDescontoaChequesRecebidos;NumeroCheque
dbo;BorderoDescontoaChequesRecebidos;NumeroContaCorrente
dbo;BorderoDescontoaReceber;CodEmpresa
dbo;BorderoDescontoaReceber;Desdobramento
dbo;BorderoDescontoaReceber;NumDesconto
dbo;BorderoDescontoaReceber;Numero
dbo;CAE;CodCAE
dbo;CaixaBanco;CodConta
dbo;CalculoMargemContribuicao;CodCalculoMargem
dbo;Campanha;CodCampanha
dbo;Campanha;CodEmpresa
dbo;CampanhaFiltros;CodCampanha
dbo;CampanhaFiltros;CodEmpresa
dbo;CampanhaFiltros;NomeCampo
dbo;CampanhaOperador;CodCampanha
dbo;CampanhaOperador;CodCliente
dbo;CampanhaOperador;CodEmpresa
dbo;CampanhaOperador;CodOperador
dbo;CampanhaPedreira;CodTabela
dbo;CampanhaPedreiraMix;CodProduto
dbo;CampanhaPedreiraMix;CodTabela
dbo;CampanhaPedreiraMix;PercPedido
dbo;CampanhaPedreiraProduto;CodTabela
dbo;CampanhaPedreiraProduto;PercPedido
dbo;CampanhaPesquisa;CodCampanhaPesquisa
dbo;CampanhaPesquisa;CodEmpresa
dbo;CampanhaPesquisaResposta;CodCampanhaPesquisa
dbo;CampanhaPesquisaResposta;CodEmpresa
dbo;CampanhaPesquisaResposta;CodPergunta
dbo;CampanhaPesquisaResposta;CodProduto
dbo;CampanhaProduto;CodCampanha
dbo;CampanhaProduto;CodEmpresa
dbo;CampanhaProduto;CodProduto
dbo;CamposBloqueados;CodUsuario
dbo;CamposBloqueados;CodVendedor
dbo;CamposBloqueados;NomeCampo
dbo;CamposBloqueados;NomeFormulario
dbo;CanalVenda;CodCanalVenda
dbo;Cargas;CodCarga
dbo;Cargas;CodEmpresa
dbo;CargasConferencia;CodConferencia
dbo;CargasConferencia;CodEmpresa
dbo;CargasConferenciaItem;CodConferencia
dbo;CargasConferenciaItem;CodEmpresa
dbo;CargasConferenciaItem;CodPalete
dbo;CargasFusion;CodCargaFusion
dbo;CargasFusion;CodEmpresa
dbo;CargasFusionPedidos;CodCargaFusion
dbo;CargasFusionPedidos;CodEmpresa
dbo;CargasFusionPedidos;NumPedido
dbo;CargasSituacao;CodCarga
dbo;CargasSituacao;CodEmpresa
dbo;CargasSituacao;CodRegistro
dbo;CartaCorrecao;CodEmpresa
dbo;CartaCorrecao;CodLote
dbo;CategoriaProduto;CodCategoriaProduto
dbo;CategoriaVeiculo;Categoria
dbo;CentroCusto;CodCentroCusto
dbo;CentroCustoMensagemData;CodCentroCusto
dbo;CentroCustoMensagemData;DataMensagem
dbo;CEPBairros;Bairro
dbo;CEPBairros;CodBairro
dbo;CEPBairros;CodCidade
dbo;CEPCidades;CodCidade
dbo;CEPLogradouros;CEP
dbo;CEPLogradouros;Logradouro
dbo;ChequesEmitidos;CodConta
dbo;ChequesEmitidos;NumeroCheque
dbo;ChequesRecebidos;Controle
dbo;ChequesRecebidosSituacao;Controle
dbo;ChequesRecebidosSituacao;DataSituacao
dbo;Cidades;Cidade
dbo;Cidades;Estado
dbo;CilindradaVeiculo;Cilindrada
dbo;Cirurgias;idCirurgia
dbo;CirurgiasProdutos;CodProduto
dbo;CirurgiasProdutos;idCirurgia
dbo;CirurgiasProdutosLote;CodProduto
dbo;CirurgiasProdutosLote;idCirurgia
dbo;CirurgiasProdutosLote;NumLote
dbo;ClasseFinanceira;CodContab
dbo;ClasseFinanceiraGM;CodConta
dbo;ClasseFinanceiraGMSaldos;CodConta
dbo;ClasseFinanceiraGMSaldos;CodEmpresa
dbo;ClasseFinanceiraGMSaldos;DataSaldo
dbo;ClasseFinanceiraOrcamento;AnoMes
dbo;ClasseFinanceiraOrcamento;CodClasse
dbo;ClasseFinanceiraOrcamento;CodEmpresa
dbo;ClassificacaoAtendimento;CodClassificacaoAtendimento
dbo;ClassificacaoCaixaBanco;CodClassificacaoCaixaBanco
dbo;ClassificacaoEquipamento;CodClassificacaoEquipamento
dbo;ClassificacaoProduto;CodClassificacaoProduto
dbo;ClassificacaoRDM;CodClassificacaoRDM
dbo;Clientes;CodCliente
dbo;ClientesAnexos;CodCliente
dbo;ClientesAnexos;NomeArquivo
dbo;ClientesAutorizacaoVenda;NumAutorizacao
dbo;ClientesCadastroAcessoAPI;NumRegistro
dbo;ClientesCadastroPalm;NumRegistro
dbo;ClientesCamposAdicionais;CodCliente
dbo;ClientesCartao;CodCliente
dbo;ClientesCartao;CodDependente
dbo;ClientesCartao;NumeroCartao
dbo;ClientesCartaoFidelidade;CNPJ_Empresa
dbo;ClientesCartaoFidelidade;CodCliente
dbo;ClientesCodContabil;CodCliente
dbo;ClientesCodContabil;CodEmpresa
dbo;ClientesComissaoProduto;CodCliente
dbo;ClientesComissaoProduto;CodProduto
dbo;ClientesContaBancaria;CodAgencia
dbo;ClientesContaBancaria;CodBanco
dbo;ClientesContaBancaria;DigAgencia
dbo;ClientesContaBancaria;DigContaCorrente
dbo;ClientesContaBancaria;NumeroContaCorrente
dbo;ClientesContatos;NumRegistro
dbo;ClientesCS;CodCliente
dbo;ClientesCS;idControle
dbo;ClientesDependente;CodCliente
dbo;ClientesDependente;CodDependente
dbo;ClientesDescontoPromocional;CodEmpresa
dbo;ClientesDescontoPromocional;NumDescProm
dbo;ClientesDescontoPromocionalCreditos;CodEmpresa
dbo;ClientesDescontoPromocionalCreditos;NumDescProm
dbo;ClientesDescontoPromocionalCreditos;OrdemItem
dbo;ClientesEmpresa;CodCliente
dbo;ClientesEmpresa;CodEmpresa
dbo;ClientesEmpresaProdutoSerie;CodCliente
dbo;ClientesEmpresaProdutoSerie;CodProduto
dbo;ClientesEnderecosAdicionais;CodCliente
dbo;ClientesEnderecosAdicionais;CodEndereco
dbo;ClientesEnderecosAdicionaisPedagio;CodCliente
dbo;ClientesEnderecosAdicionaisPedagio;CodConcessionaria
dbo;ClientesEnderecosAdicionaisPedagio;CodEndereco
dbo;ClientesGrupoEstoque;CodCliente
dbo;ClientesGrupoEstoque;CodGrupo
dbo;ClientesHistorico;CodCliente
dbo;ClientesHistorico;DataAlteracao
dbo;ClientesHistorico;HoraAlteracao
dbo;ClientesHistoricoCampos;CodCliente
dbo;ClientesHistoricoCampos;NomeCampo
dbo;ClientesHistoricoCampos;RegInclusao
dbo;ClientesMedico;CodCliente
dbo;ClientesProdutos;CodCliente
dbo;ClientesProdutos;CodProduto
dbo;ClientesRastreamentoEletronico;CNPJ
dbo;ClientesRastreamentoEletronico;CodFornecedor
dbo;ClientesRegraNegocio;CodCliente
dbo;ClientesRelacionados;CodCliente
dbo;ClientesRelacionados;CodClienteRelacionado
dbo;ClientesRelacionados;CodTipoRelacaoCliente
dbo;ClientesSPC;ControleSPC
dbo;ClientesTelevenda;CodCliente
dbo;ClientesTelevenda;CodEmpresa
dbo;ClienteVendedor;CodCliente
dbo;ClienteVendedor;CodEmpresa
dbo;CNAE;CodCNAE
dbo;CNPJCNAE;CNPJ_CPF
dbo;CNPJCNAE;CodCNAE
dbo;Cobrancas;CodEmpresa
dbo;Cobrancas;idCobranca
dbo;CobrancasAReceber;CodEmpresa
dbo;CobrancasAReceber;CodEmpresaCR
dbo;CobrancasAReceber;Desdobramento
dbo;CobrancasAReceber;idCobranca
dbo;CobrancasAReceber;Numero
dbo;CobrancasChequesRecebidos;CodAgencia
dbo;CobrancasChequesRecebidos;CodBanco
dbo;CobrancasChequesRecebidos;CodEmpresa
dbo;CobrancasChequesRecebidos;idCobranca
dbo;CobrancasChequesRecebidos;NumeroCheque
dbo;CobrancasChequesRecebidos;NumeroContaCorrente
dbo;Comanda;CodEmpresa
dbo;Comanda;NumComanda
dbo;ComandaControleAbertura;Controle
dbo;ComandaMesa;CodEmpresa
dbo;ComandaMesa;CodMesa
dbo;ComandaMesa;NumComanda
dbo;ComandaPagamento;CodEmpresa
dbo;ComandaPagamento;NumComanda
dbo;ComandaPagamento;OrdemPagamento
dbo;ComandaPagamentoProduto;CodEmpresa
dbo;ComandaPagamentoProduto;NumComanda
dbo;ComandaPagamentoProduto;Numero
dbo;ComandaPagamentoProduto;OrdemItem
dbo;ComandaPagamentoProduto;OrdemPedido
dbo;ComandaProduto;CodEmpresa
dbo;ComandaProduto;NumComanda
dbo;ComandaProduto;OrdemPedido
dbo;ComandaTransferencia;CodEmpresa
dbo;ComandaTransferencia;NumComanda
dbo;ComandaTransferencia;OrdemPedido
dbo;ComponenteModulo;CodComponenteProduto
dbo;ComponenteModulo;CodProduto
dbo;ComponenteProduto;CodComponenteProduto
dbo;ComportamentoCliente;CodComportamento
dbo;ConcessionariaPedagio;CodConcessionaria
dbo;ConciliacaoBancaria;CodConta
dbo;ConciliacaoBancaria;DataBaixa
dbo;ConciliacaoBancaria;NumLancamento
dbo;ConciliacaoBancariaSaldo;CodConta
dbo;ConciliacaoBancariaSaldo;DataBaixa
dbo;CondicaoPagamento;CodCondicao
dbo;CondicaoPagamentoDesconto;CodCondicao
dbo;CondicaoPagamentoDesconto;Ordem
dbo;CondicaoPagamentoEmpresa;CodCondicao
dbo;CondicaoPagamentoEmpresa;CodEmpresa
dbo;CondicaoPagamentoParcelas;CodCondicao
dbo;CondicaoPagamentoParcelas;Parcela
dbo;CondicaoPagamentoSerie;CodCondicao
dbo;CondicaoPagamentoSerie;CodEmpresa
dbo;CondicaoPagamentoSerie;Serie
dbo;CondicaoPagamentoVendedores;CodCondicao
dbo;CondicaoPagamentoVendedores;CodVendedor
dbo;ConferenciaPedidoCompra;CodConferencia
dbo;ConferenciaPedidoCompra;CodEmpresa
dbo;ConferenciaPedidoCompraProdutos;CodConferencia
dbo;ConferenciaPedidoCompraProdutos;CodEmpresa
dbo;ConferenciaPedidoCompraProdutos;CodProduto
dbo;ConferenciaPedidoCompraProdutos;OrdemProduto
dbo;Conferentes;CodConferente
dbo;Configuracao;NumRegistro
dbo;ConfiguracaoContabil;CodChave
dbo;ConfiguracaoContabil;CodEmpresa
dbo;ConfiguracaoContabil;NomeTabela
dbo;ConfiguracaoNFe;CodEmpresa
dbo;ConfiguracaoProposta;CodTipoServico
dbo;ConfiguracaoVariavel;NomeAuxiliar1
dbo;ConfiguracaoVariavel;NomeAuxiliar2
dbo;ConfiguracaoVariavel;NomeVariavel
dbo;ConfiguracoesTef;CodEmpresa
dbo;ConfiguracoesTef;Endereco
dbo;ConfiguracoesTef;PontoCaptura
dbo;ConfiguracoesTef;Porta
dbo;ConfiguracoesTef;Serie
dbo;ConfiguracoesTef;TipoRede
dbo;ConsultaFiltro;CodUsuario
dbo;ConsultaFiltro;NomeConsulta
dbo;ConsultaFiltro;NomeFiltro
dbo;ConsultaLayout;CodUsuario
dbo;ConsultaLayout;NomeConsulta
dbo;ConsultaLayout;NomeLayout
dbo;ConsultaRelatorio;CodUsuario
dbo;ConsultaRelatorio;NomeConsulta
dbo;ConsultaRelatorio;NomeRelatorio
dbo;ConsultaRelatorioEmail;CodUsuario
dbo;ConsultaRelatorioEmail;Email
dbo;ConsultaRelatorioEmail;NomeConsulta
dbo;ConsultaRelatorioEmail;NomeRelatorio
dbo;ConsultaRelatorioEmailLog;CodUsuario
dbo;ConsultaRelatorioEmailLog;Email
dbo;ConsultaRelatorioEmailLog;NomeConsulta
dbo;ConsultaRelatorioEmailLog;NomeRelatorio
dbo;ConsultaRelatorioEmailLog;RegInclusao
dbo;ConsultaRelatorioFV;CodUsuario
dbo;ConsultaRelatorioFV;CodVendedor
dbo;ConsultaRelatorioFV;NomeConsulta
dbo;ConsultaRelatorioFV;NomeRelatorio
dbo;ConsultaSQL;NomeConsulta
dbo;ConsultasUsuario;NomeConsulta
dbo;Contabilista;CodContabilista
dbo;ContagemFisica;CodEmpresa
dbo;ContagemFisica;Controle
dbo;ContagemFisicaChassi;Chassi
dbo;ContagemFisicaChassi;CodEmpresa
dbo;ContagemFisicaChassi;Controle
dbo;ContagemFisicaConferencia;Controle
dbo;ContagemFisicaGrade;CodEmpresa
dbo;ContagemFisicaGrade;CodProduto
dbo;ContagemFisicaGrade;Controle
dbo;ContagemFisicaGrade;LocalEstoque
dbo;ContagemFisicaLote;CodEmpresa
dbo;ContagemFisicaLote;Controle
dbo;ContagemFisicaLote;LocalEstoque
dbo;ContagemFisicaLote;NumLote
dbo;Contratos;CodContrato
dbo;Contratos;CodEmpresa
dbo;ContratosAnexos;CodContrato
dbo;ContratosAnexos;CodEmpresa
dbo;ContratosAnexos;NomeArquivo
dbo;ContratosANS;CodContrato
dbo;ContratosANS;CodEmpresa
dbo;ContratosANS;idANS
dbo;ContratosClientes;CodCliente
dbo;ContratosClientes;CodContrato
dbo;ContratosClientes;CodEmpresa
dbo;ContratosImoveis;CodContrato
dbo;ContratosImoveis;CodEmpresa
dbo;ContratosImoveis;IDImovel
dbo;ContratosPagamentos;NumRegistro
dbo;ContratosProdutos;NumRegistro
dbo;ContratosTransferencias;NumRegistro
dbo;ControleAcessoAPI;Token
dbo;ControleEntrega;CodEmpresa
dbo;ControleEntrega;CodEntrega
dbo;ControleEntregaAbastecimento;CodEmpresa
dbo;ControleEntregaAbastecimento;CodEntrega
dbo;ControleEntregaAbastecimento;idRegistro
dbo;ControleEntregaAnexos;CodAnexo
dbo;ControleEntregaAnexos;CodEmpresa
dbo;ControleEntregaAnexos;CodEntrega
dbo;ControleEntregaCargas;CodCarga
dbo;ControleEntregaCargas;CodEmpresa
dbo;ControleEntregaCargas;CodEmpresaCarga
dbo;ControleEntregaCargas;CodEntrega
dbo;ControleEntregaColeta;CodColeta
dbo;ControleEntregaColeta;CodEmpresa
dbo;ControleEntregaColeta;CodEntrega
dbo;ControleEntregaDespesas;CodCentroCusto
dbo;ControleEntregaDespesas;CodClasse
dbo;ControleEntregaDespesas;CodEmpresa
dbo;ControleEntregaDespesas;CodEntrega
dbo;ControleEntregaDevolucao;CodDevolucao
dbo;ControleEntregaDevolucao;CodEmpresa
dbo;ControleEntregaDevolucao;CodEntrega
dbo;ControleEntregaDevolucao;CodProduto
dbo;ControleEntregaDevolucao;OrdemItem
dbo;ControleEntregaPalete;CodEmpresa
dbo;ControleEntregaPalete;CodEntrega
dbo;ControleEntregaPalete;CodTipoPalete
dbo;ControleEntregaPalete;OrdemItem
dbo;ControleEntregaPalete;TipoMovimento
dbo;ControleEntregaPaleteComposicao;CodEmpresa
dbo;ControleEntregaPaleteComposicao;CodEntrega
dbo;ControleEntregaPaleteComposicao;CodProduto
dbo;ControleEntregaPaleteComposicao;CodTipoPalete
dbo;ControleEntregaPaleteComposicao;OrdemItem
dbo;ControleEntregaPaleteComposicao;TipoMovimento
dbo;ControleEntregaPessoal;CodEmpresa
dbo;ControleEntregaPessoal;CodEntrega
dbo;ControleEntregaPessoal;Ordem
dbo;ControleEntregaProdutos;CodCliente
dbo;ControleEntregaProdutos;CodEmpresa
dbo;ControleEntregaProdutos;CodEmpresaOrigem
dbo;ControleEntregaProdutos;CodEntrega
dbo;ControleEntregaProdutos;CodOriginalEquivalente
dbo;ControleEntregaProdutos;CodProduto
dbo;ControleEntregaProdutos;Numero
dbo;CorreiosConfiguracao;CodConfiguracao
dbo;CorreiosConfiguracaoServicos;CodConfiguracao
dbo;CorreiosConfiguracaoServicos;CodServico
dbo;CorreiosRemessa;CodConfiguracao
dbo;CorreiosRemessa;CodRemessa
dbo;CorreiosRemessaNotaSaida;CodConfiguracao
dbo;CorreiosRemessaNotaSaida;CodEmpresa
dbo;CorreiosRemessaNotaSaida;CodRemessa
dbo;CorreiosRemessaNotaSaida;Numero
dbo;CorVeiculo;Cor
dbo;CotacaoCompra;CodEmpresa
dbo;CotacaoCompra;CodFornecedor
dbo;CotacaoCompra;CodProduto
dbo;CotacaoCompra;DescricaoProduto
dbo;CotacaoCompra;NumeroCotacao
dbo;CotacaoCompraAdicionais;CodEmpresa
dbo;CotacaoCompraAdicionais;NumeroCotacao
dbo;CotacaoCompraAnexos;CodEmpresa
dbo;CotacaoCompraAnexos;NomeArquivo
dbo;CotacaoCompraAnexos;NumeroCotacao
dbo;Cozinha;CodCozinha
dbo;CQSRegistros;NumRegistroCQS
dbo;CQSRegistrosAtendimento;idRegistro
dbo;CQSRegistrosRDM;idRegistro
dbo;CQSTipoRegistro;CodTipoRegistro
dbo;CQSTipoRegistroSetor;CodSetorProducao
dbo;CQSTipoRegistroSetor;CodTipoRegistro
dbo;CriticaEstoqueItem;CodCriticaEstoqueItem
dbo;CriticaPedido;CodCriticaPedido
dbo;CSOSN;CodCSOSN
dbo;CTBEntrada;NumRegistro
dbo;CTBSaida;NumRegistro
dbo;CTeCaracteristicasAdicionais;CodCaracteristicaAdicional
dbo;CTeCartaCorrecao;GrupoAlterado
dbo;CTeCartaCorrecao;Sequencial
dbo;CTeCartaCorrecao;CampoAlterado
dbo;CTeCartaCorrecao;ChaveAcessoCTe
dbo;CTeCartaCorrecao;CodEmpresa
dbo;CTeCartaCorrecao;CTeEvento
dbo;CTeClasseRisco;CodClasseRisco
dbo;CTeCobranca;ChaveAcessoCte
dbo;CTeCobranca;CodEmpresa
dbo;CTeCobranca;Numero
dbo;CTeComplementado;CodCTeComplementado
dbo;CTeComponentesValorServico;CodComponenteServico
dbo;CTeComponenteValorComplementado;ChaveAcessoCte
dbo;CTeComponenteValorComplementado;CodComponente
dbo;CTeComponenteValorComplementado;CodEmpresa
dbo;CTeCTeContainer;ChaveAcessoCTe
dbo;CTeCTeContainer;CodContainer
dbo;CTeCTeContainer;CodEmpresa
dbo;CTeCTeContainer;NumLacre
dbo;CTeDCL;ChaveAcessoCte
dbo;CTeDCL;CodDCL
dbo;CTeDCL;CodEmpresa
dbo;CTeDCL;CodModalFerroviario
dbo;CTeDestinado;ChaveAcessoCTe
dbo;CTeDestinadoEventos;ChaveAcessoCTe
dbo;CTeDestinadoEventos;Sequencial
dbo;CTeDocumentoAdicional;CodDemaisDocumentos
dbo;CteDocumentoAnterior;CodDocAnterior
dbo;CTeEmbalagemProdPerigoso;CodEmbalagem
dbo;CTeEmpresasFaturamentoCarga;CodEmpresa
dbo;CTeEmpresasFaturamentoCarga;CodEmpresaEmissor
dbo;CTeEventos;ChaveAcessoCTe
dbo;CTeEventos;CodEmpresa
dbo;CTeEventos;CTeEvento
dbo;CTeEventos;Sequencial
dbo;CTeFerrovias;CodFerrovia
dbo;CTeFluxoCarga;CodPassagem
dbo;CTeIBS_CBS;ChaveAcessoCte
dbo;CTeIBS_CBS;CodEmpresa
dbo;CTeIdentificacao;ChaveAcessoCte
dbo;CTeIdentificacao;CodEmpresa
dbo;CTeInfoCarga;CodInfoCarga
dbo;CTeInfoDispositivoValePedagio;ChaveAcessoCte
dbo;CTeInfoDispositivoValePedagio;CodDispositivoVP
dbo;CTeInfoDispositivoValePedagio;CodEmpresa
dbo;CTeInfoDispositivoValePedagio;CodModalRodoviario
dbo;CTeInfoSeguroCarga;CodInfoSeguroCarga
dbo;CTeLacre;NumeroLacre
dbo;CTeLacre;ChaveAcessoCte
dbo;CTeLacre;CodEmpresa
dbo;CTeModalAereo;ChaveAcessoCte
dbo;CTeModalAereo;CodEmpresa
dbo;CTeModalAereo;CodModalAereo
dbo;CTeModalAquaviario;ChaveAcessoCte
dbo;CTeModalAquaviario;CodEmpresa
dbo;CTeModalAquaviario;CodModalAquaviario
dbo;CTeModalDutoviario;ChaveAcessoCte
dbo;CTeModalDutoviario;CodEmpresa
dbo;CTeModalDutoviario;CodModalDutoviario
dbo;CTeModalFerroviario;ChaveAcessoCte
dbo;CTeModalFerroviario;CodEmpresa
dbo;CTeModalFerroviario;CodModalFerroviario
dbo;CTeModalRodoviario;ChaveAcessoCte
dbo;CTeModalRodoviario;CodEmpresa
dbo;CTeModalRodoviario;CodModalRodoviario
dbo;CTeModalRodoviarioLacre;ChaveAcessoCte
dbo;CTeModalRodoviarioLacre;CodEmpresa
dbo;CTeModalRodoviarioLacre;CodModalRodoviario
dbo;CTeModalRodoviarioLacre;NumeroLacre
dbo;CTeMotorista;CodMotorista
dbo;CTeMotoristaModalRodoviario;ChaveAcessoCte
dbo;CTeMotoristaModalRodoviario;CodEmpresa
dbo;CTeMotoristaModalRodoviario;CodModalRodoviario
dbo;CTeMotoristaModalRodoviario;CodMotorista
dbo;CTeOrdemColetaTransporte;ChaveAcessoCte
dbo;CTeOrdemColetaTransporte;CodEmpresa
dbo;CTeOrdemColetaTransporte;CodModalRodoviario
dbo;CTeOrdemColetaTransporte;CodOrdemColeta
dbo;CTePaises;CodBacen
dbo;CTePISCOFINS;ChaveAcessoCte
dbo;CTePISCOFINS;CodCTePISCOFINS
dbo;CTePISCOFINS;CodEmpresa
dbo;CTePISCOFINS;CodFiscalPISCOFINS
dbo;CTePontoFulgor;CodPontoFulgor
dbo;CTePortos;CodPorto
dbo;CTeProdutosPerigosos;CodProdPerigoso
dbo;CTeQtdProduto;CodQtdProduto
dbo;CTeRNTRC;CodRNTRC
dbo;CTeSerie;CodEmpresa
dbo;CTeSerie;Serie
dbo;CTeTipoVolume;CodTipoVolume
dbo;CTeTransportador;ChaveAcessoCte
dbo;CTeTransportador;CodEmpresa
dbo;CTeTransportador;CodModalRodoviario
dbo;CTeTransportador;PlacaVeiculo
dbo;CTeVagaoContainer;ChaveAcessoCte
dbo;CTeVagaoContainer;CodContainer
dbo;CTeVagaoContainer;CodEmpresa
dbo;CTeVagaoContainer;CodModalFerroviario
dbo;CTeVagaoContainer;CodVagao
dbo;CTeVagoes;CodVagao
dbo;CTeVagoesFerrovias;ChaveAcessoCte
dbo;CTeVagoesFerrovias;CodEmpresa
dbo;CTeVagoesFerrovias;CodModalFerroviario
dbo;CTeVagoesFerrovias;CodVagao
dbo;CTeVeiculoNovo;Chassi
dbo;CTeVeiculoNovo;ChaveAcessoCte
dbo;CTeVeiculoNovo;CodEmpresa
dbo;CupomItemCancelado;CodEmpresa
dbo;CupomItemCancelado;Numero
dbo;CupomItemCancelado;OrdemItem
dbo;CupomItemCancelado;Serie
dbo;CupomTemporario;ECFNumeroEquipamento
dbo;CupomTemporario;Numero
dbo;CupomTemporario;OrdemItem
dbo;CupomTemporarioCRMBonus;CodEmpresa
dbo;CupomTemporarioCRMBonus;Numero
dbo;CupomTemporarioFaturamento;CodEmpresa
dbo;CupomTemporarioFaturamento;Numero
dbo;CupomTemporarioFaturamento;NumeroFaturado
dbo;CupomTemporarioFaturamento;Origem
dbo;CupomTemporarioPagamento;ECFNumeroEquipamento
dbo;CupomTemporarioPagamento;Numero
dbo;CupomTemporarioPagamento;OrdemItem
dbo;DAVProdutosAlterados;CodEmpresa
dbo;DAVProdutosAlterados;NumAlteracao
dbo;DAVProdutosAlterados;Numero
dbo;DAVProdutosAlterados;OrdemItem
dbo;DeducoesPisCofins;CodEmpresa
dbo;DeducoesPisCofins;DataInicio
dbo;DeducoesPisCofins;OrdemDeducao
dbo;DespesaCalculoPreco;CodDespesa
dbo;DevolucaoOrcamentoProdutos;CodEmpresa
dbo;DevolucaoOrcamentoProdutos;Numero
dbo;DevolucaoOrcamentoProdutos;OrdemItem
dbo;DevolucaoVenda;CodEmpresa
dbo;DevolucaoVenda;NumDevolucao
dbo;DevolucaoVenda;Numero
dbo;DevolucaoVendaProdutos;CodEmpresa
dbo;DevolucaoVendaProdutos;NumDevolucao
dbo;DevolucaoVendaProdutos;Numero
dbo;DevolucaoVendaProdutos;OrdemItem
dbo;DocaCarregamento;CodDoca
dbo;ECFDocumentosEmitidos;CodEmpresa
dbo;ECFDocumentosEmitidos;ContadorCOO
dbo;ECFDocumentosEmitidos;Serie
dbo;EmailEnviar;NumRegistro
dbo;EmailEnviarAnexo;NumRegistro
dbo;Embarques;CodEmpresa
dbo;Embarques;NumEmbarque
dbo;Empresas;CodEmpresa
dbo;EmpresasAutorizadoDownload;CNPJ_CPF
dbo;EmpresasAutorizadoDownload;CodEmpresa
dbo;EmpresasConfiguracaoEcommerce;CodEmpresa
dbo;EmpresasConfiguracaoEcommerce;NomeConfiguracao
dbo;EmpresasConfiguracaoLogin;Ambiente
dbo;EmpresasConfiguracaoLogin;CodEmpresa
dbo;EmpresasConfiguracaoLogin;IdConfiguracao
dbo;EmpresasConfiguracaoVariavel;CodEmpresa
dbo;EmpresasConfiguracaoVariavel;NomeVariavel
dbo;EmpresasCS;CodEmpresa
dbo;EmpresasCS;idControle
dbo;EmpresasFilial;CNPJFilial
dbo;EmpresasFilial;CodEmpresa
dbo;EmpresasInscricaoEstado;CodEmpresa
dbo;EmpresasInscricaoEstado;Estado
dbo;EmpresasLocalRetirada;CodEmpresa
dbo;EmpresasLocalRetirada;CodLocalRetirada
dbo;EmpresasMedicamento;CodEmpresa
dbo;Equipamentos;IDEquipamento
dbo;EquipamentosAnexos;IDEquipamento
dbo;EquipamentosAnexos;NomeArquivo
dbo;EquipamentosContador;NumRegistro
dbo;EquipamentosPneus;CodProduto
dbo;EquipamentosPneus;IDEquipamento
dbo;EspecialidadeMedica;CodEspecialidadeMedica
dbo;EspecieDF;CodEspecieDF
dbo;EstruturaIndices;NomeCampo
dbo;EstruturaIndices;NomeIndice
dbo;EstruturaIndices;NomeTabela
dbo;Etiqueta;CodEtiqueta
dbo;Exclusoes;NomeTabela
dbo;Exclusoes;RegInclusao
dbo;Farmaceuticos;CodFarmaceutico
dbo;FechamentoCaixa;CodConta
dbo;FechamentoCaixa;CodTipoDocumento
dbo;FechamentoCaixa;CodVendedor
dbo;FechamentoCaixa;DataFechamento
dbo;FechamentoGMil;NumLancamento
dbo;Feriados;idFeriado
dbo;FiltroForm;CodUsuario
dbo;FiltroForm;NomeFiltro
dbo;FiltroForm;NomeForm
dbo;FiltroFormAnexos;CodUsuario
dbo;FiltroFormAnexos;NomeControle
dbo;FiltroFormAnexos;NomeFiltro
dbo;FiltroFormAnexos;NomeForm
dbo;FiltroFormControles;NomeForm
dbo;FiltroFormControles;CodUsuario
dbo;FiltroFormControles;Indice
dbo;FiltroFormControles;NomeControle
dbo;FiltroFormControles;NomeFiltro
dbo;FinalidadeTributacao;CodCliente
dbo;FinalidadeTributacao;CodProduto
dbo;FinalidadeTributacao;CodTabelaICM
dbo;FormaAtualizacao;CodFormaAtualizacao
dbo;FormaPagamento;CodFormaPagamento
dbo;FornecedorProduto;CodFornecedor
dbo;FornecedorProduto;CodProduto
dbo;FreteCidade;Bairro
dbo;FreteCidade;Cidade
dbo;FreteCidade;EmpresasAutorizado
dbo;FreteCidade;Estado
dbo;FreteCidade;PlacaVeiculo
dbo;FretePedreira;CodFretePedreira
dbo;FuncaoFuncionario;CodFuncaoFuncionario
dbo;FuncaoPessoal;CodFuncao
dbo;FuncaoPessoalAcesso;CodFuncao
dbo;GeneroItem;CodGeneroItem
dbo;GMDespesaCarregamento;NumRegistro
dbo;GNRE;MesAnoReferencia
dbo;GNRE;NumeroGNRE
dbo;GNRE;UFFavorecido
dbo;GNRE;UFSubstituto
dbo;GNRE;CodEmpresa
dbo;GNRE;DataVencimentoICMS
dbo;GNRENotaEntrada;MesAnoReferencia
dbo;GNRENotaEntrada;Numero
dbo;GNRENotaEntrada;NumeroGNRE
dbo;GNRENotaEntrada;UFFavorecido
dbo;GNRENotaEntrada;UFSubstituto
dbo;GNRENotaEntrada;CodCredor
dbo;GNRENotaEntrada;CodEmpresa
dbo;GNRENotaEntrada;DataVencimentoICMS
dbo;GradeColuna;idGradeColuna
dbo;GradeLinha;idGradeLinha
dbo;GridPesquisa;CodUsuario
dbo;GridPesquisa;NomeCampo
dbo;GridPesquisa;NomeTabela
dbo;GridPesquisaLayout;CodUsuario
dbo;GridPesquisaLayout;NomeTabela
dbo;GrupoConsulta;CodGrupoConsulta
dbo;GrupoEmpresa;CodGrupoEmpresa
dbo;GrupoEstoque;CodGrupo
dbo;GrupoEstoqueSeriePedido;CodEmpresa
dbo;GrupoEstoqueSeriePedido;CodGrupo
dbo;GrupoNM;CodGrupoNM
dbo;GrupoUsuario;idGrupoUsuario
dbo;GrupoUsuarioMembros;CodUsuario
dbo;GrupoUsuarioMembros;idGrupoUsuario
dbo;Historico;Historico
dbo;HistoricoPrecoTabelaPercComissao;CodProduto
dbo;HistoricoPrecoTabelaPercComissao;CodTabelaEspecial
dbo;HistoricoPrecoTabelaPercComissao;CodTabelaPrecos
dbo;HistoricoPrecoTabelaPercComissao;DataInicio
dbo;HistoricoPrecoTabelaPercComissao;DataTermino
dbo;HorarioTrabalho;idHorario
dbo;Imoveis;IDImovel
dbo;ImportacaoRegistro;CampoMDB
dbo;ImportacaoRegistro;NomeDBF
dbo;ImportacaoRegistro;NomeTabela
dbo;IndicadorVenda;CodIndicadorVenda
dbo;IndiceFinanceiro;CodIndiceFinanceiro
dbo;IndiceFinanceiroValores;CodIndiceFinanceiro
dbo;IndiceFinanceiroValores;DataApuracao
dbo;IntegracaoEcommerce;Chave1
dbo;IntegracaoEcommerce;Chave2
dbo;IntegracaoEcommerce;Chave3
dbo;IntegracaoEcommerce;NomeRotina
dbo;IntegracaoKPL;Chave1
dbo;IntegracaoKPL;Chave2
dbo;IntegracaoKPL;NomeRotina
dbo;IntegradorConfiguracao;idIntegrador
dbo;IntegradorExclusao;idExclusao
dbo;IntegradorHistorico;idHistorico
dbo;IntegradorRotina;idRotina
dbo;IntegradorRotinaTabela;idRotina
dbo;IntegradorRotinaTabela;NomeTabela
dbo;IntegradorTabela;NomeTabela
dbo;IntegradorTabelaCampos;NomeCampo
dbo;IntegradorTabelaCampos;NomeTabela
dbo;InutilizacaoNFe;CodEmpresa
dbo;InutilizacaoNFe;Numero
dbo;InutilizacaoNFe;Serie
dbo;InventarioGravado;CodEmpresa
dbo;InventarioGravado;CodMotivoInventario
dbo;InventarioGravado;CodProduto
dbo;InventarioGravado;DataEstoque
dbo;InventarioSPED;CodEmpresa
dbo;InventarioSPED;DataEstoque
dbo;LancamentoPadrao;CodLancamento
dbo;LancamentosContab;NumRegistro
dbo;LancamentosNM;CodEmpresa
dbo;LancamentosNM;NumRegistro
dbo;LayoutCNAB;CodPortador
dbo;LayoutCNAB;Inicio
dbo;LayoutCNAB;Termino
dbo;LayoutCNAB;TipoArquivo
dbo;LayoutCNAB;TipoLinha
dbo;LigacaoTelefonica;NumLigacao
dbo;LigacaoTelefonicaAtendimento;CodEmpresa
dbo;LigacaoTelefonicaAtendimento;Desdobramento
dbo;LigacaoTelefonicaAtendimento;NumAtendimento
dbo;LigacaoTelefonicaAtendimento;NumIteracao
dbo;LigacaoTelefonicaAtendimento;NumLigacao
dbo;Linguagem;idLinguagem
dbo;LocalEquipamento;CodLocalEquipamento
dbo;LocalEstoque;CodLocalEstoque
dbo;LocalEvento;NomeLocalEvento
dbo;LoteNFSe;CodEmpresa
dbo;LoteNFSe;NumLote
dbo;LotesReinf;CodEmpresa
dbo;LotesReinf;NumLoteReinf
dbo;LotesReinf;TipoEvento
dbo;ManifestacaoDestinatario;NumRegistro
dbo;Mapao;CodEmpresa
dbo;Mapao;DataMapao
dbo;MapaoSaldoRegiao;CodEmpresa
dbo;MapaoSaldoRegiao;CodRegiao
dbo;MapaoSaldoRegiao;DataMapao
dbo;MaquinaProducao;CodMaquinaProducao
dbo;MaquinetaTEF;CodEmpresa
dbo;MaquinetaTEF;NumMaquineta
dbo;MarcacaoPonto;CodPessoa
dbo;MarcacaoPonto;DataMarcacao
dbo;MarcaProduto;CodMarcaProduto
dbo;MarcaVeiculo;Marca
dbo;MarketingContatos;CodEmpresa
dbo;MarketingContatos;NumRegistro
dbo;MarketingContatos;NumVenda
dbo;MarketingProdutos;CodEmpresa
dbo;MarketingProdutos;CodProduto
dbo;MarketingProdutos;NumVenda
dbo;MarketingRelacionamento;CodEmpresa
dbo;MarketingRelacionamento;NumRegistro
dbo;MarketingRelacionamento;NumVenda
dbo;MarketingRelacionamentoAnexos;CodEmpresa
dbo;MarketingRelacionamentoAnexos;NomeArquivo
dbo;MarketingRelacionamentoAnexos;NumRegistro
dbo;MarketingRelacionamentoAnexos;NumVenda
dbo;MarketingVendas;CodEmpresa
dbo;MarketingVendas;NumVenda
dbo;MDFeAutorizacaoDownload;CodEmpresa
dbo;MDFeAutorizacaoDownload;CPF_CNPJ
dbo;MDFeAutorizacaoDownload;Numero
dbo;MDFeAutorizacaoDownload;Serie
dbo;MDFeCarregamento;CodCarregamento
dbo;MDFeCarregamento;CodEmpresa
dbo;MDFeCarregamento;Numero
dbo;MDFeCarregamento;Serie
dbo;MDFeCondutor;CodEmpresa
dbo;MDFeCondutor;CPF
dbo;MDFeCondutor;Numero
dbo;MDFeCondutor;Serie
dbo;MDFeContratante;CodEmpresa
dbo;MDFeContratante;CPF_CNPJ_Contratante
dbo;MDFeContratante;Numero
dbo;MDFeContratante;Serie
dbo;MDFeDocumentos;ChaveAcesso
dbo;MDFeDocumentos;CodEmpresa
dbo;MDFeDocumentos;CodEmpresaDocumento
dbo;MDFeDocumentos;Numero
dbo;MDFeDocumentos;NumeroDocumento
dbo;MDFeDocumentos;Serie
dbo;MDFeDocumentos;TipoDocumento
dbo;MDFeEventos;CodEmpresa
dbo;MDFeEventos;Numero
dbo;MDFeEventos;Sequencial
dbo;MDFeEventos;Serie
dbo;MDFeEventos;TipoEvento
dbo;MDFeIdentificacao;CodEmpresa
dbo;MDFeIdentificacao;Numero
dbo;MDFeIdentificacao;Serie
dbo;MDFeIdentificacaoCargas;CodCarga
dbo;MDFeIdentificacaoCargas;CodEmpresa
dbo;MDFeIdentificacaoCargas;CodEmpresaCarga
dbo;MDFeIdentificacaoCargas;Numero
dbo;MDFeIdentificacaoCargas;Serie
dbo;MDFeInfoSeguroCarga;CodEmpresa
dbo;MDFeInfoSeguroCarga;CodMDFeSeguro
dbo;MDFeInfoSeguroCarga;Numero
dbo;MDFeInfoSeguroCarga;Serie
dbo;MDFeLacres;CodEmpresa
dbo;MDFeLacres;Numero
dbo;MDFeLacres;NumeroLacre
dbo;MDFeLacres;Serie
dbo;MDFeModalRodoviario;CodEmpresa
dbo;MDFeModalRodoviario;Numero
dbo;MDFeModalRodoviario;PlacaVeiculo
dbo;MDFeModalRodoviario;Serie
dbo;MDFePagamento;CodEmpresa
dbo;MDFePagamento;CodPagamento
dbo;MDFePagamento;Numero
dbo;MDFePagamento;Serie
dbo;MDFePagamentoComponente;CodComponente
dbo;MDFePagamentoComponente;CodEmpresa
dbo;MDFePagamentoComponente;CodPagamento
dbo;MDFePagamentoComponente;Numero
dbo;MDFePagamentoComponente;Serie
dbo;MDFePagamentoPrazo;CodEmpresa
dbo;MDFePagamentoPrazo;CodPagamento
dbo;MDFePagamentoPrazo;CodPrazo
dbo;MDFePagamentoPrazo;Numero
dbo;MDFePagamentoPrazo;Serie
dbo;MDFePamCardRota;idRota
dbo;MDFePamCardViagem;CodEmpresa
dbo;MDFePamCardViagem;Numero
dbo;MDFePamCardViagem;Ordem
dbo;MDFePamCardViagem;Serie
dbo;MDFePercurso;CodEmpresa
dbo;MDFePercurso;CodPercurso
dbo;MDFePercurso;Numero
dbo;MDFePercurso;Serie
dbo;MDFeValePedagio;Serie
dbo;MDFeValePedagio;CodEmpresa
dbo;MDFeValePedagio;CodRegistro
dbo;MDFeValePedagio;Numero
dbo;MensagensCliente;CodMensagemCliente
dbo;MensagensNota;CodMensagemNota
dbo;MensagensProduto;CodMensagem
dbo;MensagensUsuario;NumRegistro
dbo;MenuEstrutura;CodUsuario
dbo;MenuEstrutura;NomeRotina
dbo;MenuEstrutura;NomeSistema
dbo;MenuEstruturaControles;CodUsuario
dbo;MenuEstruturaControles;NomeControle
dbo;MenuEstruturaControles;NomeRotina
dbo;MenuEstruturaControles;NomeSistema
dbo;MenuEstruturaFuncaoPessoal;CodFuncao
dbo;MenuEstruturaFuncaoPessoal;NomeRotina
dbo;MenuEstruturaFuncaoPessoal;NomeSistema
dbo;MenuFavoritos;Chave
dbo;MenuFavoritos;CodUsuario
dbo;MenuFavoritos;Sistema
dbo;MenuHistorico;Chave
dbo;MenuHistorico;CodUsuario
dbo;MenuHistorico;DataHistorico
dbo;MenuHistorico;Sistema
dbo;Mesas;CodEmpresa
dbo;Mesas;CodMesa
dbo;Metadados;NumRegistro
dbo;MixIdealTipoAtividade;CodProduto
dbo;MixIdealTipoAtividade;CodTipoAtividade
dbo;MixUsualCliente;CodCliente
dbo;MixUsualCliente;CodEmpresa
dbo;MixUsualCliente;CodProduto
dbo;MixUsualCliente;CodVendedor
dbo;ModeloDF;CodModeloDF
dbo;ModeloProduto;CodModeloProduto
dbo;ModeloVeiculo;Modelo
dbo;Modulos;idModulo
dbo;Moedas;SiglaMoeda
dbo;MoedasCotacao;DataCotacao
dbo;MoedasCotacao;SiglaMoeda
dbo;MotivoAberturaGaveta;CodMotivo
dbo;MotivoAtendimento;CodMotivoAtendimento
dbo;MotivoCancelamentoContrato;CodMotivoCancelamento
dbo;MotivoCorte;CodMotivoCorte
dbo;MotivoDesoneracaoICMS;CodMotivo
dbo;MotivoDevolucao;CodMotivoDevolucao
dbo;MotivoLiberacaoCartao;CodMotivo
dbo;MotivoReprovacao;CodMotivoReprovacao
dbo;MotivoVisitaNegativa;CodMotivoVisitaNegativa
dbo;MovimentoCaixaBanco;NumRegistro
dbo;MovimentoCaixaBancoAnexos;ChaveAnexo
dbo;MovimentoCaixaBancoAnexos;CodConta
dbo;MovimentoCaixaBancoAnexos;NomeArquivo
dbo;MovimentoCaixaBancoAPagar;CodEmpresa
dbo;MovimentoCaixaBancoAPagar;DocIntegracao
dbo;MovimentoCaixaBancoAPagar;OrIntegracao
dbo;MovimentoCaixaBancoAReceber;CodEmpresa
dbo;MovimentoCaixaBancoAReceber;DocIntegracao
dbo;MovimentoCaixaBancoAReceber;OrIntegracao
dbo;MovimentoCaixaBancoNFE;CodEmpresa
dbo;MovimentoCaixaBancoNFE;DocIntegracao
dbo;MovimentoCaixaBancoNFE;OrIntegracao
dbo;MovimentoCaixaBancoNFS;CodCondicao
dbo;MovimentoCaixaBancoNFS;CodEmpresa
dbo;MovimentoCaixaBancoNFS;DocIntegracao
dbo;MovimentoCaixaBancoNFS;OrIntegracao
dbo;MovimentoCaixaBancoRepositorio;NumRegistro
dbo;MovimentoCaixaBancoRepositorio;RegInclusao
dbo;MovimentoCaixabancoTEF;Controle
dbo;MovimentoEstoque;NumRegistro
dbo;MovimentoEstoqueAdicionais;Numero
dbo;MovimentoEstoqueAdicionais;OrdemItem
dbo;MovimentoEstoqueAdicionais;TipoOrigem
dbo;MovimentoEstoqueAdicionais;CodCliente
dbo;MovimentoEstoqueAdicionais;CodEmpresa
dbo;MovimentoEstoqueCancelado;CodEmpresa
dbo;MovimentoEstoqueCancelado;Desdobramento
dbo;MovimentoEstoqueCancelado;Numero
dbo;MovimentoEstoqueCancelado;OrdemItem
dbo;MovimentoEstoqueCancelado;TipoOrigem
dbo;MovimentoEstoqueCI;CodCliente
dbo;MovimentoEstoqueCI;CodEmpresa
dbo;MovimentoEstoqueCI;Numero
dbo;MovimentoEstoqueCI;OrdemItem
dbo;MovimentoEstoqueCI;TipoOrigem
dbo;MovimentoEstoqueDevolucao;CodCliente
dbo;MovimentoEstoqueDevolucao;CodEmpresa
dbo;MovimentoEstoqueDevolucao;Numero
dbo;MovimentoEstoqueDevolucao;OrdemDevolucao
dbo;MovimentoEstoqueDevolucao;OrdemItem
dbo;MovimentoEstoqueDevolucao;TipoOrigem
dbo;MovimentoEstoqueECF;Numero
dbo;MovimentoEstoqueECF;OrdemItem
dbo;MovimentoEstoqueECF;TipoOrigem
dbo;MovimentoEstoqueECF;CodCliente
dbo;MovimentoEstoqueECF;CodEmpresa
dbo;MovimentoEstoqueICMS;CodCliente
dbo;MovimentoEstoqueICMS;CodEmpresa
dbo;MovimentoEstoqueICMS;Numero
dbo;MovimentoEstoqueICMS;OrdemItem
dbo;MovimentoEstoqueICMS;TipoOrigem
dbo;MovimentoEstoqueImportacao;CodCliente
dbo;MovimentoEstoqueImportacao;CodEmpresa
dbo;MovimentoEstoqueImportacao;Numero
dbo;MovimentoEstoqueImportacao;OrdemItem
dbo;MovimentoEstoqueImportacao;TipoOrigem
dbo;MovimentoEstoqueIPI;CodCliente
dbo;MovimentoEstoqueIPI;CodEmpresa
dbo;MovimentoEstoqueIPI;Numero
dbo;MovimentoEstoqueIPI;OrdemItem
dbo;MovimentoEstoqueIPI;TipoOrigem
dbo;MovimentoEstoqueNumSerie;CodCliente
dbo;MovimentoEstoqueNumSerie;CodEmpresa
dbo;MovimentoEstoqueNumSerie;CodProduto
dbo;MovimentoEstoqueNumSerie;Numero
dbo;MovimentoEstoqueNumSerie;NumSerie
dbo;MovimentoEstoqueNumSerie;TipoOrigem
dbo;MovimentoEstoqueOrcamento;CodCliente
dbo;MovimentoEstoqueOrcamento;CodEmpresa
dbo;MovimentoEstoqueOrcamento;Numero
dbo;MovimentoEstoqueOrcamento;OrdemItem
dbo;MovimentoEstoquePISCOFINS;TipoOrigem
dbo;MovimentoEstoquePISCOFINS;CodCliente
dbo;MovimentoEstoquePISCOFINS;CodEmpresa
dbo;MovimentoEstoquePISCOFINS;Numero
dbo;MovimentoEstoquePISCOFINS;OrdemItem
dbo;MovimentoEstoqueRepositorio;NumRegistro
dbo;MovimentoEstoqueRepositorio;RegInclusao
dbo;MovimentoEstoqueUB;CodCliente
dbo;MovimentoEstoqueUB;CodEmpresa
dbo;MovimentoEstoqueUB;Numero
dbo;MovimentoEstoqueUB;OrdemItem
dbo;MovimentoEstoqueUB;TipoOrigem
dbo;MovimentoPneus;NumRegistro
dbo;MovimentoVeiculo;CodCliente
dbo;MovimentoVeiculo;CodEmpresa
dbo;MovimentoVeiculo;Numero
dbo;NaturezaCreditoPisCofins;CodNatCredito
dbo;NaturezaOperacao;CodFiscal
dbo;NaturezaOperacaoEmpresa;CodEmpresa
dbo;NaturezaOperacaoEmpresa;CodFiscal
dbo;NaturezaOperacaoSerieDocumento;CodEmpresa
dbo;NaturezaOperacaoSerieDocumento;CodFiscal
dbo;NaturezaOperacaoSerieDocumento;Serie
dbo;NotaDestinada;Ambiente
dbo;NotaDestinada;CodEmpresa
dbo;NotaDestinada;NFeChaveAcesso
dbo;NotaDestinadaEvento;NFeChaveAcesso
dbo;NotaDestinadaEvento;NumeroEvento
dbo;NotaDestinadaEvento;Ambiente
dbo;NotaDestinadaEvento;CodEmpresa
dbo;NotaEntrada;CodCredor
dbo;NotaEntrada;CodEmpresa
dbo;NotaEntrada;Numero
dbo;NotaEntradaAdicionais;CodCredor
dbo;NotaEntradaAdicionais;CodEmpresa
dbo;NotaEntradaAdicionais;Numero
dbo;NotaEntradaAdicionaisNFe;CodCredor
dbo;NotaEntradaAdicionaisNFe;CodEmpresa
dbo;NotaEntradaAdicionaisNFe;Numero
dbo;NotaEntradaAdicionaisNFe;OrdemItem
dbo;NotaEntradaAjusteICMS;CodAjuste
dbo;NotaEntradaAjusteICMS;CodCredor
dbo;NotaEntradaAjusteICMS;CodEmpresa
dbo;NotaEntradaAjusteICMS;CodProduto
dbo;NotaEntradaAjusteICMS;Numero
dbo;NotaEntradaAjusteICMS;OrdemItem
dbo;NotaEntradaAjustes;CodCredor
dbo;NotaEntradaAjustes;CodEmpresa
dbo;NotaEntradaAjustes;Numero
dbo;NotaEntradaAnotacao;CodCredor
dbo;NotaEntradaAnotacao;CodEmpresa
dbo;NotaEntradaAnotacao;Numero
dbo;NotaEntradaCartaCorrecao;CodCredor
dbo;NotaEntradaCartaCorrecao;CodEmpresa
dbo;NotaEntradaCartaCorrecao;Numero
dbo;NotaEntradaCartaCorrecao;NumEvento
dbo;NotaEntradaCustoAnterior;CodCredor
dbo;NotaEntradaCustoAnterior;CodEmpresa
dbo;NotaEntradaCustoAnterior;CodProduto
dbo;NotaEntradaCustoAnterior;Numero
dbo;NotaEntradaDistribFinanceira;NumRegistro
dbo;NotaEntradaImportacao;CodCredor
dbo;NotaEntradaImportacao;CodEmpresa
dbo;NotaEntradaImportacao;Numero
dbo;NotaEntradaImportacaoPISCOFINS;CodCredor
dbo;NotaEntradaImportacaoPISCOFINS;CodEmpresa
dbo;NotaEntradaImportacaoPISCOFINS;DataPagamentoCOFINS
dbo;NotaEntradaImportacaoPISCOFINS;DataPagamentoPIS
dbo;NotaEntradaImportacaoPISCOFINS;Numero
dbo;NotaEntradaOutrosImpostos;CodCredor
dbo;NotaEntradaOutrosImpostos;CodEmpresa
dbo;NotaEntradaOutrosImpostos;CodImposto
dbo;NotaEntradaOutrosImpostos;DesDuplicata
dbo;NotaEntradaOutrosImpostos;NumDuplicata
dbo;NotaEntradaOutrosImpostos;Numero
dbo;NotaEntradaPisCofins;CodCredor
dbo;NotaEntradaPisCofins;CodEmpresa
dbo;NotaEntradaPisCofins;Numero
dbo;NotaEntradaProdutor;CodCredor
dbo;NotaEntradaProdutor;CodEmpresa
dbo;NotaEntradaProdutor;Numero
dbo;NotaEntradaRegiao;Numero
dbo;NotaEntradaRegiao;CodCredor
dbo;NotaEntradaRegiao;CodEmpresa
dbo;NotaEntradaTransportador;CodCredor
dbo;NotaEntradaTransportador;CodEmpresa
dbo;NotaEntradaTransportador;Numero
dbo;NotaEntradaUB;CodCredor
dbo;NotaEntradaUB;CodEmpresa
dbo;NotaEntradaUB;Numero
dbo;NotaFiscalEventos;CodEmpresa
dbo;NotaFiscalEventos;Numero
dbo;NotaSaida;CodEmpresa
dbo;NotaSaida;Numero
dbo;NotaSaidaAdicionais;CodEmpresa
dbo;NotaSaidaAdicionais;Numero
dbo;NotaSaidaAdicionaisNFe;CodEmpresa
dbo;NotaSaidaAdicionaisNFe;Numero
dbo;NotaSaidaAdicionaisNFe;OrdemItem
dbo;NotaSaidaAjusteICMS;CodAjuste
dbo;NotaSaidaAjusteICMS;CodEmpresa
dbo;NotaSaidaAjusteICMS;CodProduto
dbo;NotaSaidaAjusteICMS;Numero
dbo;NotaSaidaAjusteICMS;OrdemItem
dbo;NotaSaidaAjustes;CodEmpresa
dbo;NotaSaidaAjustes;Numero
dbo;NotaSaidaAnexos;CodEmpresa
dbo;NotaSaidaAnexos;NomeArquivo
dbo;NotaSaidaAnexos;Numero
dbo;NotaSaidaCartaCorrecao;Numero
dbo;NotaSaidaCartaCorrecao;NumEvento
dbo;NotaSaidaCartaCorrecao;CodEmpresa
dbo;NotaSaidaCondicaoPagamento;CodCondicao
dbo;NotaSaidaCondicaoPagamento;CodEmpresa
dbo;NotaSaidaCondicaoPagamento;Numero
dbo;NotaSaidaCondicaoPagamento;OrdemItem
dbo;NotaSaidaCOPEN;CodEmpresa
dbo;NotaSaidaCOPEN;Numero
dbo;NotaSaidaCRMBonus;CodEmpresa
dbo;NotaSaidaCRMBonus;Numero
dbo;NotaSaidaCTe;ChaveAcessoCTe
dbo;NotaSaidaCTe;CodEmpresa
dbo;NotaSaidaCTe;CodEmpresaNotaSaida
dbo;NotaSaidaCTe;Numero
dbo;NotaSaidaCTR;CodEmpresa
dbo;NotaSaidaCTR;CodOficialNF
dbo;NotaSaidaCTR;Numero
dbo;NotaSaidaCTR;NumeroNF
dbo;NotaSaidaCTR;SerieNF
dbo;NotaSaidaCTR;TerceiroSN
dbo;NotaSaidaDistribFinanceira;NumRegistro
dbo;NotaSaidaEmbalagem;CodEmpresa
dbo;NotaSaidaEmbalagem;IDEmbalagem
dbo;NotaSaidaEmbalagem;Numero
dbo;NotaSaidaEntrega;CodEmpresa
dbo;NotaSaidaEntrega;Numero
dbo;NotaSaidaEntregaProdutos;CodEmpresa
dbo;NotaSaidaEntregaProdutos;CodProduto
dbo;NotaSaidaEntregaProdutos;Numero
dbo;NotaSaidaExportacao;CodEmpresa
dbo;NotaSaidaExportacao;Numero
dbo;NotaSaidaImportacao;CodEmpresa
dbo;NotaSaidaImportacao;Numero
dbo;NotaSaidaImportacaoPISCOFINS;DataPagamentoPIS
dbo;NotaSaidaImportacaoPISCOFINS;Numero
dbo;NotaSaidaImportacaoPISCOFINS;CodEmpresa
dbo;NotaSaidaImportacaoPISCOFINS;DataPagamentoCOFINS
dbo;NotaSaidaLoteNFSe;CodEmpresa
dbo;NotaSaidaLoteNFSe;Numero
dbo;NotaSaidaLoteNFSe;NumLote
dbo;NotaSaidaNFSe;CodEmpresa
dbo;NotaSaidaNFSe;Numero
dbo;NotaSaidaObservacao;NumRegistro
dbo;NotaSaidaOrcamento;CodEmpresa
dbo;NotaSaidaOrcamento;Numero
dbo;NotaSaidaOutrosImpostos;NumDuplicata
dbo;NotaSaidaOutrosImpostos;Numero
dbo;NotaSaidaOutrosImpostos;CodEmpresa
dbo;NotaSaidaOutrosImpostos;CodImposto
dbo;NotaSaidaOutrosImpostos;DesDuplicata
dbo;NotaSaidaPedido;CodEmpresa
dbo;NotaSaidaPedido;Numero
dbo;NotaSaidaRefNFe;ChaveAcessoNFRef
dbo;NotaSaidaRefNFe;CodEmpresa
dbo;NotaSaidaRefNFe;Numero
dbo;NotaSaidaRegiao;CodEmpresa
dbo;NotaSaidaRegiao;Numero
dbo;NotaSaidaServicoVendedor;CodEmpresa
dbo;NotaSaidaServicoVendedor;CodVendedor
dbo;NotaSaidaServicoVendedor;Numero
dbo;NotaSaidaServicoVendedor;Ordem
dbo;NotaSaidaTransportador;CodEmpresa
dbo;NotaSaidaTransportador;Numero
dbo;NotaSaidaUB;CodEmpresa
dbo;NotaSaidaUB;Numero
dbo;Obras;CodObra
dbo;ObrasOrcamento;CodClasse
dbo;ObrasOrcamento;CodObra
dbo;OcorrenciaPonto;CodOcorrenciaPonto
dbo;OrcamentoInativo;CodEmpresa
dbo;OrcamentoInativo;Numero
dbo;OrcamentoInativoProdutos;CodEmpresa
dbo;OrcamentoInativoProdutos;Numero
dbo;OrcamentoInativoProdutos;NumRegistro
dbo;OrcamentoInativoProdutos;OrdemItem
dbo;OrdemServico;CodEmpresa
dbo;OrdemServico;Numero
dbo;OrdemServicoAnexos;CodEmpresa
dbo;OrdemServicoAnexos;NomeArquivo
dbo;OrdemServicoAnexos;Numero
dbo;OrdemServicoEquipamento;CodEmpresa
dbo;OrdemServicoEquipamento;IDEquipamento
dbo;OrdemServicoEquipamento;Numero
dbo;OrdemServicoEquipamento;NumeroID
dbo;OrdemServicoProdutos;NumRegistro
dbo;OrdemServicoVeiculo;CodEmpresa
dbo;OrdemServicoVeiculo;Numero
dbo;OrigemAtendimento;CodOrigemAtendimento
dbo;OrigemIteracao;CodOrigemIteracao
dbo;OrigemPedido;CodOrigemPedido
dbo;OrigemProduto;CodOrigemProduto
dbo;OrigemProspecte;CodOrigemProspecte
dbo;OrigemRDM;CodOrigemRDM
dbo;Paises;CodPais
dbo;Paletes;CodEmpresa
dbo;Paletes;CodPalete
dbo;PaletesMovimentacao;CodEmpresa
dbo;PaletesMovimentacao;CodPalete
dbo;PaletesMovimentacao;CodProduto
dbo;PaletesMovimentacao;OrdemMovimento
dbo;PaletesProdutos;CodEmpresa
dbo;PaletesProdutos;CodPalete
dbo;PaletesProdutos;CodProduto
dbo;PaletesProdutosLote;CodEmpresa
dbo;PaletesProdutosLote;CodPalete
dbo;PaletesProdutosLote;CodProduto
dbo;PaletesProdutosLote;NumLote
dbo;PaletesProdutosLote;OrdemItem
dbo;Parentesco;CodParentesco
dbo;PastasUsuario;CodPasta
dbo;PastasUsuario;CodUsuario
dbo;PDVCaixa;CodEmpresa
dbo;PDVCaixa;PDVControle
dbo;PDVCaixa;Serie
dbo;PDVCaixaFormaPagamento;CodEmpresa
dbo;PDVCaixaFormaPagamento;CodFormaPagamento
dbo;PDVCaixaFormaPagamento;PDVControle
dbo;PDVCaixaFormaPagamento;Serie
dbo;PDVCaixaTipoDocumento;CodEmpresa
dbo;PDVCaixaTipoDocumento;CodTipoDocumento
dbo;PDVCaixaTipoDocumento;FormaPagamentoECF
dbo;PDVCaixaTipoDocumento;PDVControle
dbo;PDVCaixaTipoDocumento;Serie
dbo;PDVReplicacaoExclusao;NumRegistro
dbo;Pedagio;CodConcessionaria
dbo;Pedagio;CodPedagio
dbo;Pedagio;NumEixos
dbo;PedidoCompra;CodEmpresa
dbo;PedidoCompra;NumeroPedido
dbo;PedidoCompraDistribFinanceira;CodEmpresa
dbo;PedidoCompraDistribFinanceira;NumeroPedido
dbo;PedidoCompraDistribFinanceira;NumRegistro
dbo;PedidoCompraParcelas;CodEmpresa
dbo;PedidoCompraParcelas;NumeroPedido
dbo;PedidoCompraParcelas;Parcela
dbo;PedidoCompraProdutos;CodEmpresa
dbo;PedidoCompraProdutos;CodProduto
dbo;PedidoCompraProdutos;NumeroPedido
dbo;PedidoCompraProdutos;OrdemProduto
dbo;PedidoCompraProdutosFichaTecnica;CodEmpresa
dbo;PedidoCompraProdutosFichaTecnica;CodProduto
dbo;PedidoCompraProdutosFichaTecnica;NumeroPedido
dbo;PedidoCompraProdutosFichaTecnica;OrdemProduto
dbo;Perguntas;CodPergunta
dbo;Pesagem;idPesagem
dbo;PesagemNM;CodEmpresa
dbo;PesagemNM;NumRegistro
dbo;PesagemVeiculo;CodEmpresa
dbo;PesagemVeiculo;Numero
dbo;Pesquisas;CodPesquisa
dbo;PesquisasPerguntas;CodPergunta
dbo;PesquisasPerguntas;CodPesquisa
dbo;Pessoal;CodPessoa
dbo;PlanilhaManutencao;NumRegistro
dbo;Portadores;CodPortador
dbo;PreOrdemServico;CodEmpresa
dbo;PreOrdemServico;Numero
dbo;PreOrdemServicoAnexos;CodEmpresa
dbo;PreOrdemServicoAnexos;NomeArquivo
dbo;PreOrdemServicoAnexos;Numero
dbo;PreOrdemServicoProdutos;CodEmpresa
dbo;PreOrdemServicoProdutos;CodProduto
dbo;PreOrdemServicoProdutos;Numero
dbo;PreOrdemServicoProdutos;OrdemItem
dbo;PrincipioAtivo;CodPrincipioAtivo
dbo;Problemas;CodProblema
dbo;ProcedimentoCirurgico;CodProcedimentoCirurgico
dbo;ProcedimentoCirurgicoConvenio;CodCliente
dbo;ProcedimentoCirurgicoConvenio;CodProcedimentoCirurgico
dbo;ProcedimentoCirurgicoProdutos;CodProcedimentoCirurgico
dbo;ProcedimentoCirurgicoProdutos;CodProduto
dbo;ProcessoProducao;CodEmpresa
dbo;ProcessoProducao;CodProduto
dbo;ProcessoProducao;OrdemProcesso
dbo;ProcessoProducao;SubOrdemProcesso
dbo;Producao;Controle
dbo;ProducaoControle;CodEmpresa
dbo;ProducaoControle;CodProducaoControleFase
dbo;ProducaoControle;CodProduto
dbo;ProducaoControle;Numero
dbo;ProducaoControle;OrdemItem
dbo;ProducaoControleExpedicao;CodEmpresa
dbo;ProducaoControleExpedicao;NumeroExpedicao
dbo;ProducaoControleExpedicaoProdutos;CodEmpresa
dbo;ProducaoControleExpedicaoProdutos;CodProduto
dbo;ProducaoControleExpedicaoProdutos;Numero
dbo;ProducaoControleExpedicaoProdutos;NumeroExpedicao
dbo;ProducaoControleExpedicaoProdutos;OrdemItem
dbo;ProducaoControleFase;CodProducaoControleFase
dbo;ProducaoControleHistorico;NumRegistro
dbo;ProducaoControleObservacao;NumRegistro
dbo;ProducaoControlePerda;CodEmpresa
dbo;ProducaoControlePerda;CodInsumo
dbo;ProducaoControlePerda;CodProducaoControleFase
dbo;ProducaoControlePerda;CodProduto
dbo;ProducaoControlePerda;Numero
dbo;ProducaoControlePerda;NumRegistro
dbo;ProducaoCozinha;CodEmpresa
dbo;ProducaoCozinha;CodProduto
dbo;ProducaoCozinha;idTotem
dbo;ProducaoCozinha;NumComanda
dbo;ProducaoCozinha;Numero
dbo;ProducaoCozinha;OrdemItem
dbo;ProducaoCozinha;TipoOrigem
dbo;ProducaoFuncionario;CodEmpresa
dbo;ProducaoFuncionario;CodFuncionario
dbo;ProducaoFuncionarioRH;CodEmpresa
dbo;ProducaoFuncionarioRH;CodFuncionario
dbo;ProducaoFuncionarioRH;PeriodoReferencia
dbo;ProducaoFuncionarios;CodEmpresa
dbo;ProducaoFuncionarios;CodFuncionario
dbo;ProducaoFuncionarios;NumRequisicao
dbo;ProducaoLotes;CodEmpresa
dbo;ProducaoLotes;CodProduto
dbo;ProducaoLotes;NumLote
dbo;ProducaoPerdas;CodEmpresa
dbo;ProducaoPerdas;NumLancamento
dbo;ProducaoPerdas;NumRequisicao
dbo;ProducaoProcessos;CodEmpresa
dbo;ProducaoProcessos;NumLancamento
dbo;ProducaoReprocessamento;CodEmpresa
dbo;ProducaoReprocessamento;Numero
dbo;ProducaoRequisicoes;CodEmpresa
dbo;ProducaoRequisicoes;NumRequisicao
dbo;ProducaoRequisicoes;OrdemProcesso
dbo;ProducaoRequisicoesSubstituicaoInsumo;CodEmpresa
dbo;ProducaoRequisicoesSubstituicaoInsumo;CodProdutoFicha
dbo;ProducaoRequisicoesSubstituicaoInsumo;CodProdutoSubst
dbo;ProducaoRequisicoesSubstituicaoInsumo;NumRequisicao
dbo;Produtos;CodProduto
dbo;ProdutosAnexos;CodProduto
dbo;ProdutosAnexos;NomeArquivo
dbo;ProdutosCalculoPreco;CodDespesa
dbo;ProdutosCalculoPreco;CodProduto
dbo;ProdutosCalculoPreco;TipoDespesa
dbo;ProdutosCamposUsuario;CodProduto
dbo;ProdutosCodigosAdicionais;CodAdicional
dbo;ProdutosCodigosAdicionais;CodProduto
dbo;ProdutosComissaoCondicao;CodCondicao
dbo;ProdutosComissaoCondicao;CodProduto
dbo;ProdutosComplemento;CodComplemento
dbo;ProdutosConfiguracaoBalanca;Balanca
dbo;ProdutosConfiguracaoBalanca;CodEmpresa
dbo;ProdutosConfiguracaoBalanca;Indice
dbo;ProdutosConfiguracaoCliente;CodProduto
dbo;ProdutosConfiguracaoCliente;TipoConfiguracao
dbo;ProdutosConfiguracaoCliente;CodCliente
dbo;ProdutosEquivalentes;CodEquivalente
dbo;ProdutosEquivalentes;CodProduto
dbo;ProdutosEstoque;CodEmpresa
dbo;ProdutosEstoque;CodProduto
dbo;ProdutosEstoqueCI;CodEmpresa
dbo;ProdutosEstoqueCI;CodProduto
dbo;ProdutosEstoqueConsignado;CodCliente
dbo;ProdutosEstoqueConsignado;CodEmpresa
dbo;ProdutosEstoqueConsignado;CodProduto
dbo;ProdutosEstoqueDiarioPAF;CodEmpresa
dbo;ProdutosEstoqueDiarioPAF;CodProduto
dbo;ProdutosEstoqueDiarioPAF;DataMovimento
dbo;ProdutosEstoquePalete;CodEmpresa
dbo;ProdutosEstoquePalete;CodProduto
dbo;ProdutosEstoqueReceitaNaoTributadaPisCofins;CodEmpresa
dbo;ProdutosEstoqueReceitaNaoTributadaPisCofins;CodProduto
dbo;ProdutosEstoqueReceitaNaoTributadaPisCofins;idReceitaNaoTributadaPisCofins
dbo;ProdutosFalta;NumRegistro
dbo;ProdutosFichaTecnica;CodInsumo
dbo;ProdutosFichaTecnica;CodProduto
dbo;ProdutosFichaTecnica;OrdemProcesso
dbo;ProdutosFichaTecnica;TipoFicha
dbo;ProdutosFornecedorUnidade;CodFornecedor
dbo;ProdutosFornecedorUnidade;CodProduto
dbo;ProdutosHistoricoPrecos;NumRegistro
dbo;ProdutosInformacaoBalanca;CodProduto
dbo;ProdutosLista;CodListaProduto
dbo;ProdutosLista;CodProduto
dbo;ProdutosLocalEstoque;CodEmpresa
dbo;ProdutosLocalEstoque;CodLocalEstoque
dbo;ProdutosLocalEstoque;CodProduto
dbo;ProdutosLocalEstoqueCliente;CodCliente
dbo;ProdutosLocalEstoqueCliente;CodEmpresa
dbo;ProdutosLocalEstoqueCliente;CodLocalEstoque
dbo;ProdutosLocalEstoqueCliente;CodProduto
dbo;ProdutosLocalEstoqueCliente;Prioridade
dbo;ProdutosLote;CodEmpresa
dbo;ProdutosLote;CodProduto
dbo;ProdutosLote;NumLote
dbo;ProdutosMadeira;CodProduto
dbo;ProdutosMarcas;CodMarcaProduto
dbo;ProdutosMarcas;CodProduto
dbo;ProdutosMedicamento;CodProduto
dbo;ProdutosModelos;CodModeloProduto
dbo;ProdutosModelos;CodProduto
dbo;ProdutosPromocaoAurora;CodProduto
dbo;ProdutosPromocaoAurora;CodTabela
dbo;ProdutosRegiao;CodProduto
dbo;ProdutosRegiao;CodRegiao
dbo;ProdutosSoftware;CodProduto
dbo;ProdutosTipoAtividade;CodProduto
dbo;ProdutosTipoAtividade;CodTipoAtividade
dbo;ProdutosTransformacao;CodProduto
dbo;ProdutosTransformacaoItem;CodProduto
dbo;ProdutosTransformacaoItem;CodProdutoTransformado
dbo;ProdutosTributacaoCliente;CodCliente
dbo;ProdutosTributacaoCliente;CodProduto
dbo;ProdutosTributacaoCliente;EmpresaAutorizada
dbo;ProdutosVeiculo;Chassi
dbo;ProdutosVeiculo;CodProduto
dbo;ProdutosVersoes;CodVersaoProduto
dbo;PropostaVenda;CodEmpresa
dbo;PropostaVenda;NumProposta
dbo;PropostaVendaClientes;CodCliente
dbo;PropostaVendaClientes;CodEmpresa
dbo;PropostaVendaClientes;CodProspecte
dbo;PropostaVendaClientes;NumProposta
dbo;PropostaVendaImoveis;CodEmpresa
dbo;PropostaVendaImoveis;IDImovel
dbo;PropostaVendaImoveis;NumProposta
dbo;PropostaVendaPagamentos;NumRegistro
dbo;PropostaVendaProcessos;CodEmpresa
dbo;PropostaVendaProcessos;CodTipoProcessoVenda
dbo;PropostaVendaProcessos;NumProposta
dbo;PropostaVendaProdutos;CodEmpresa
dbo;PropostaVendaProdutos;CodProduto
dbo;PropostaVendaProdutos;NumProposta
dbo;PropostaVendaServico;CodEmpresa
dbo;PropostaVendaServico;NumProposta
dbo;Prospectes;CodProspecte
dbo;ProspectesContatos;NumRegistro
dbo;QuadroHorarioPessoal;CodPessoa
dbo;QuadroHorarioPessoal;DiaSemana
dbo;QuadroHorarioSetor;CodSetorProducao
dbo;QuadroHorarioSetor;DiaSemana
dbo;QuadroHorarioSetor;Turno
dbo;RDM;Desdobramento
dbo;RDM;NumRDM
dbo;RDM;CodEmpresa
dbo;RDMAlteracaoProduto;NumRegistro
dbo;RDMAnalise;CodEmpresa
dbo;RDMAnalise;CodTipoAnaliseRDM
dbo;RDMAnalise;Desdobramento
dbo;RDMAnalise;NumRDM
dbo;RDMAnexos;CodEmpresa
dbo;RDMAnexos;Desdobramento
dbo;RDMAnexos;NomeArquivo
dbo;RDMAnexos;NumRDM
dbo;RDMArquivosAtualizacao;CodEmpresa
dbo;RDMArquivosAtualizacao;Desdobramento
dbo;RDMArquivosAtualizacao;NumRDM
dbo;RDMBranch;Branch
dbo;RDMBranch;CodEmpresa
dbo;RDMBranch;Desdobramento
dbo;RDMBranch;NumRDM
dbo;RDMCausaErro;CodEmpresa
dbo;RDMCausaErro;CodTipoCausaErroRDM
dbo;RDMCausaErro;Desdobramento
dbo;RDMCausaErro;NumRDM
dbo;RDMHistorico;NumRegistro
dbo;RDMHistoricoExecucao;CodEmpresa
dbo;RDMHistoricoExecucao;CodHistoricoExecucao
dbo;RDMHistoricoExecucao;Desdobramento
dbo;RDMHistoricoExecucao;NumRDM
dbo;RDMHistoricoExecucao;NumSprint
dbo;RDMObservacao;NumRegistro
dbo;RDMOrcamento;CodEmpresa
dbo;RDMOrcamento;Desdobramento
dbo;RDMOrcamento;NumRDM
dbo;RDMSituacao;CodEmpresa
dbo;RDMSituacao;DataHoraSituacao
dbo;RDMSituacao;Desdobramento
dbo;RDMSituacao;NumRDM
dbo;RDMSprint;CodEmpresa
dbo;RDMSprint;CodEmpresaSprint
dbo;RDMSprint;Desdobramento
dbo;RDMSprint;NumRDM
dbo;RDMSprint;NumSprint
dbo;RDMTags;NumRDM
dbo;RDMTags;CodEmpresa
dbo;RDMTags;Desdobramento
dbo;RDMTags;NomeTag
dbo;RDMTesteExecucao;CodEmpresa
dbo;RDMTesteExecucao;Desdobramento
dbo;RDMTesteExecucao;NumRDM
dbo;RDMTesteExecucao;NumRegistro
dbo;RDMTesteExecucao;NumTeste
dbo;RDMTesteReprovacao;NumRegistro
dbo;RDMTesteReprovacao;NumTeste
dbo;RDMTesteReprovacao;CodEmpresa
dbo;RDMTesteReprovacao;CodMotivoReprovacao
dbo;RDMTesteReprovacao;Desdobramento
dbo;RDMTesteReprovacao;NumRDM
dbo;RDMTesteRoteiro;NumRegistro
dbo;ReceitaNaoTributadaPisCofins;idReceitaNaoTributadaPisCofins
dbo;ReciboDespesa;CodEmpresa
dbo;ReciboDespesa;NumRecibo
dbo;ReciboDespesaValores;CodClasse
dbo;ReciboDespesaValores;CodEmpresa
dbo;ReciboDespesaValores;NumRecibo
dbo;ReducoesECF;CodEmpresa
dbo;ReducoesECF;Numero
dbo;ReducoesECF;Serie
dbo;ReducoesECFAliquota;Aliquota
dbo;ReducoesECFAliquota;CodEmpresa
dbo;ReducoesECFAliquota;CodTipoTotalizador
dbo;ReducoesECFAliquota;CodTotalizador
dbo;ReducoesECFAliquota;Numero
dbo;ReducoesECFAliquota;Serie
dbo;Regioes;CodRegiao
dbo;RegioesDespesas;CodClasse
dbo;RegioesDespesas;CodRegiao
dbo;RegistroAtivoPermanente;CodEmpresa
dbo;RegistroAtivoPermanente;DataApuracao
dbo;RegistroFCI;CodEmpresa
dbo;RegistroFCI;Controle
dbo;RegistroFCIProdutos;CodEmpresa
dbo;RegistroFCIProdutos;CodProduto
dbo;RegistroFCIProdutos;Controle
dbo;RegistroICM_IPI;CodEmpresa
dbo;RegistroICM_IPI;DataInicio
dbo;RegistroICM_IPI;Estado
dbo;RegistroICM_IPI;TipoRegistro
dbo;RegistroICM_IPI_Valores;NumRegistro
dbo;RegistroIPI_Documentos;NumDocumento
dbo;RegistroPIS_COFINS;CNPJCedente
dbo;RegistroPIS_COFINS;CodEmpresa
dbo;RegistroPIS_COFINS;CodNaturezaRetencaoPIS_COFINS
dbo;RegistroPIS_COFINS;CodOrigemCredito
dbo;RegistroPIS_COFINS;CodTipoCredito
dbo;RegistroPIS_COFINS;PeriodoCredito
dbo;RegistroPIS_COFINS_Valores;PeriodoCredito
dbo;RegistroPIS_COFINS_Valores;PeriodoUtilizacao
dbo;RegistroPIS_COFINS_Valores;CNPJCedente
dbo;RegistroPIS_COFINS_Valores;CodEmpresa
dbo;RegistroPIS_COFINS_Valores;CodNaturezaRetencaoPIS_COFINS
dbo;RegistroPIS_COFINS_Valores;CodOrigemCredito
dbo;RegistroPIS_COFINS_Valores;CodTipoCredito
dbo;RegistroSPED_E115;CodEmpresa
dbo;RegistroSPED_E115;CodInformacaoAdicional
dbo;RegistroSPED_E115;DataInicio
dbo;RegistroSPED_F100;CodEmpresa
dbo;RegistroSPED_F100;CodRegistro
dbo;RegistroTransportador;CodRegistro
dbo;Relacionamentos;NomeCampo1
dbo;Relacionamentos;NomeCampo2
dbo;Relacionamentos;NomeTabela1
dbo;Relacionamentos;NomeTabela2
dbo;RelatoriosUsuario;NomeConsulta
dbo;RelatoriosUsuario;NomeRelatorio
dbo;RelCustoCabecalho;NumRelCusto
dbo;RelCustoItensMP;NumRegistro
dbo;RemessaCNAB;CodEmpresa
dbo;RemessaCNAB;CodRemessaCNAB
dbo;Replicacao;NomeTabela
dbo;ReplicacaoCampos;Tabela
dbo;ReplicacaoCampos;Campo
dbo;ReplicacaoConfiguracao;Tabela
dbo;ReplicacaoLista;Chave0
dbo;ReplicacaoLista;Chave1
dbo;ReplicacaoLista;Chave2
dbo;ReplicacaoLista;Chave3
dbo;ReplicacaoLista;Chave4
dbo;ReplicacaoLista;ChaveModificada0
dbo;ReplicacaoLista;Tabela
dbo;RequisicaoCompra;NumRegistro
dbo;RequisicaoCompraAnexos;CodEmpresa
dbo;RequisicaoCompraAnexos;NomeArquivo
dbo;RequisicaoCompraAnexos;NumRequisicao
dbo;ResultadoNovoMeriti;CodEmpresa
dbo;ResultadoNovoMeriti;Inicio
dbo;SaldoCaixaGMil;CodEmpresa
dbo;SaldoCaixaGMil;DataCaixa
dbo;SaldoCaixaGMil;OficialSN
dbo;Scripts;CodScript
dbo;SecaoNCM;CodSecaoNCM
dbo;SecretariaAreaUso;CodAreaUso
dbo;SecretariaConvidado;CodConvidado
dbo;SecretariaConvite;CodConvite
dbo;SecretariaDiasNegadoAreaUso;Codigo
dbo;SecretariaDiasNegadoConvite;Codigo
dbo;SecretariaPerguntaLGPD;CodPergunta
dbo;SecretariaPessoa;CodPessoa
dbo;SecretariaPortaria;CodPortaria
dbo;SecretariaPortariaEntrada;CodEntrada
dbo;SecretariaPortariaEntradaConvite;CodEntrada
dbo;SecretariaPortariaEntradaVeiculo;CodEntrada
dbo;SecretariaQuinhao;CodQuinhao
dbo;SecretariaQuinhaoPerguntaLGPD;CodPergunta
dbo;SecretariaQuinhaoPerguntaLGPD;CodQuinhao
dbo;SecretariaTipoPessoa;CodTipoPessoa
dbo;SerieNotaFiscal;CodEmpresa
dbo;SerieNotaFiscal;Serie
dbo;SerieNotaFiscalDispositivosNFE;CodEmpresa
dbo;SerieNotaFiscalDispositivosNFE;NFeTipoDispositivo
dbo;SerieNotaFiscalDispositivosNFE;Serie
dbo;ServicosEfetuados;NumRegistro
dbo;ServicosNFe;Estado
dbo;ServicosNFe;Cidade
dbo;ServicosNFe;CodServicoNFe
dbo;ServicosNFeCNPJ;Cidade
dbo;ServicosNFeCNPJ;CNPJ_CPF
dbo;ServicosNFeCNPJ;Estado
dbo;SetorCompra;CodSetorCompra
dbo;SetorGM;CodSetorGM
dbo;SetorOS;CodSetorOS
dbo;SetorProducao;CodSetorProducao
dbo;SetorProduto;CodSetorProduto
dbo;SimuladorMC;CodEmpresa
dbo;SimuladorMC;CodProduto
dbo;SintegraECF;AnoMes
dbo;SintegraECF;CodEmpresa
dbo;SintegraECF;ECFNumeroEquipamento
dbo;SintegraECF;Registro
dbo;SintegraECF;Sequencial
dbo;SintegraECF;TipoRegistro
dbo;SIPA;CodSIPA
dbo;SituacaoCheque;CodSituacaoCheque
dbo;SituacaoCirurgia;CodSituacaoCirurgia
dbo;SituacaoCliente;CodSituacaoCliente
dbo;SituacaoCobranca;CodSituacaoCobranca
dbo;SituacaoImovel;CodSituacaoImovel
dbo;SituacaoOS;CodSituacaoOS
dbo;SituacaoPedidoCliente;CodSituacaoPedidoCliente
dbo;SituacaoPedidoCliente;CodEmpresa
dbo;SituacaoPedidoCompra;CodSituacaoPedidoCompra
dbo;SituacaoPedidoCompraUsuarioAutorizado;CodUsuario
dbo;SituacaoPedidoCompraUsuarioAutorizado;CodSituacaoPedidoCompra
dbo;SituacaoSEF;CNPJ
dbo;SituacaoVeiculo;Situacao
dbo;SPEDInformacaoAdicionalICMS;CodInformacaoAdicional
dbo;Sprints;CodEmpresa
dbo;Sprints;NumSprint
dbo;STIPI;CSTIPI
dbo;STPisCofins;CSTPisCofins
dbo;sysdiagrams;diagram_id
dbo;TabelaCampos;NomeCampo
dbo;TabelaCampos;NomeTabela
dbo;TabelaCamposHistorico;Chave3
dbo;TabelaCamposHistorico;Chave4
dbo;TabelaCamposHistorico;NomeCampo
dbo;TabelaCamposHistorico;NomeTabela
dbo;TabelaCamposHistorico;NumRegistro
dbo;TabelaCamposHistorico;Chave0
dbo;TabelaCamposHistorico;Chave1
dbo;TabelaCamposHistorico;Chave2
dbo;TabelaEspecial;CodTabelaEspecial
dbo;TabelaEspecialClientes;CodTabelaEspecial
dbo;TabelaEspecialClientes;CodCliente
dbo;TabelaEspecialProdutos;CodCondicao
dbo;TabelaEspecialProdutos;CodFornecedor
dbo;TabelaEspecialProdutos;CodGrupo
dbo;TabelaEspecialProdutos;CodProduto
dbo;TabelaEspecialProdutos;CodTabelaEspecial
dbo;TabelaEspecialProdutos;Quantidade
dbo;TabelaIBPT;CodIBPT
dbo;TabelaIBPT;Estado
dbo;TabelaIBPT;Ex
dbo;TabelaIBPT;Tabela
dbo;TabelaICM;CodTabelaICM
dbo;TabelaICM;Estado
dbo;TabelaICMTipoTributacao;Origem
dbo;TabelaICMTipoTributacao;CodTabelaICM
dbo;TabelaICMTipoTributacao;CodTipoTributacao
dbo;TabelaICMTipoTributacao;Estado
dbo;TabelaImpostos;CodEmpresa
dbo;TabelaImpostos;CodImposto
dbo;TabelaIRRF;AnoMes
dbo;TabelaNBS;CodNBS
dbo;TabelaNCM;CodNCM
dbo;TabelaNCMConfiguracao;CodEmpresa
dbo;TabelaNCMConfiguracao;CodNCM
dbo;TabelaPrecos;CodProduto
dbo;TabelaPrecos;CodTabela
dbo;TabelaPrecosCliente;CodCliente
dbo;TabelaPrecosCliente;CodProduto
dbo;TabelaReinf;CodTabelaReinf
dbo;TabelaReinfNaturezaRendimento;CodNatRend
dbo;TabelaReinfNaturezaRendimento;NomeTributo
dbo;Tags;NomeTag
dbo;Tarefas;idTarefa
dbo;TarefasObservacao;idObservacao
dbo;TarefasObservacao;idTarefa
dbo;Tempo;Data
dbo;TicketAtendimento;CodEmpresa
dbo;TicketAtendimento;NumTicket
dbo;TicketNaoRegistrado;NumRegistro
dbo;TicketVenda;CodEmpresa
dbo;TicketVenda;NumTicket
dbo;TicketVendaOcorrencia;CodEmpresa
dbo;TicketVendaOcorrencia;NumTicket
dbo;TicketVendaOcorrencia;OrdemTicket
dbo;TIPI;CodTIPI
dbo;TipoAcaoVenda;CodTipoAcaoVenda
dbo;TipoAcaoVendaProxima;CodTipoAcaoVenda
dbo;TipoAcaoVendaProxima;Ordem
dbo;TipoAnaliseRDM;CodTipoAnaliseRDM
dbo;TipoAtendimento;CodTipoAtendimento
dbo;TipoAtividade;CodTipoAtividade
dbo;TipoCaminhao;CodTipoCaminhao
dbo;TipoCampanha;CodCampanha
dbo;TipoCarga;CodTipoCarga
dbo;TipoCargaCalculo;CodTipoCarga
dbo;TipoCausaErroRDM;CodTipoCausaErroRDM
dbo;TipoCliente;CodTipoCliente
dbo;TipoClienteLimiteAcrescimo;CodTipoCliente
dbo;TipoClienteLimiteAcrescimo;Ordem
dbo;TipoClienteLimiteDesconto;CodTipoCliente
dbo;TipoClienteLimiteDesconto;Ordem
dbo;TipoComponenteCte;CodTipoComponenteCte
dbo;TipoCompra;CodTipoCompra
dbo;TipoConservacao;CodTipoConservacao
dbo;TipoContrato;CodTipoContrato
dbo;TipoContratoANS;CodTipoContrato
dbo;TipoContratoANS;idANS
dbo;TipoCreditoPisCofins;CodTipoCredito
dbo;TipoDesconto;CodTipoDesconto
dbo;TipoDespesa;CodTipoDespesa
dbo;TipoDocumento;CodTipoDocumento
dbo;TipoDocumentoCartaoCredito;CodTipoDocumento
dbo;TipoDocumentoCartaoCredito;Numero
dbo;TipoEquipamento;CodTipoEquipamento
dbo;TipoErroCNAB;CodBanco
dbo;TipoErroCNAB;CodErroCNAB
dbo;TipoErroRDM;CodTipoErroRDM
dbo;TipoGestaoCliente;CodTipoGestaoCliente
dbo;TipoGrade;CodTipoGrade
dbo;TipoItem;CodTipoItem
dbo;TipoIteracao;CodTipoIteracao
dbo;TipoLicenca;CodTipoLicenca
dbo;TipoLigacao;CodTipoLigacao
dbo;TipoManutencao;CodTipoManutencao
dbo;TipoMedida;CodTipoMedida
dbo;TipoObra;CodTipoObra
dbo;TipoPalete;CodTipoPalete
dbo;TipoPerdaProducao;CodTipoPerdaProducao
dbo;TipoProcessoVenda;CodTipoProcessoVenda
dbo;TipoProduto;CodTipoProduto
dbo;TipoProdutoSerie;CodEmpresa
dbo;TipoProdutoSerie;CodTipoProduto
dbo;TipoProdutoSerie;Serie
dbo;TipoRDM;CodTipoRDM
dbo;TipoRDMEmail;CodTipoRDM
dbo;TipoRDMEmail;Email
dbo;TipoRelacaoCliente;CodTipoRelacaoCliente
dbo;TipoRetornoCNAB;CodMotivoRejeicao
dbo;TipoRetornoCNAB;CodTipoRetornoCNAB
dbo;TipoRetornoCNAB;CodBanco
dbo;TipoScript;CodTipoScript
dbo;TipoSegmento;CodTipoSegmento
dbo;TipoTotalizadorParcialECF;CodTipoTotalizador
dbo;TipoTransporte;CodTipoTransporte
dbo;TipoTributacao;CodTipoTributacao
dbo;TipoTributacao;Origem
dbo;TipoVeiculo;Tipo
dbo;TipoVendedor;CodTipoVendedor
dbo;TotaisLote;NumLote
dbo;TransacaoCartao;NumRegistro
dbo;TransacaoCartaoRepositorio;NumRegistro
dbo;TransacoesTef;CodEmpresa
dbo;TransacoesTef;Numero
dbo;TransferenciaProdutos;CodEmpresa
dbo;TransferenciaProdutos;NumTransferenciaProduto
dbo;TransmissaoPalm;NumRegistro
dbo;Transportadores;PlacaVeiculo
dbo;Unidades;Unidade
dbo;Usuarios;CodUsuario
dbo;UsuariosConfiguracaoFormulario;CodUsuario
dbo;UsuariosConfiguracaoFormulario;NomeControle
dbo;UsuariosConfiguracaoFormulario;NomeFormulario
dbo;UsuariosConfiguracaoVariavel;CodUsuario
dbo;UsuariosConfiguracaoVariavel;NomeVariavel
dbo;VarejoControleEntrega;CodEmpresa
dbo;VarejoControleEntrega;CodEntrega
dbo;VarejoControleEntregaDocumentos;CodEmpresa
dbo;VarejoControleEntregaDocumentos;CodEntrega
dbo;VarejoControleEntregaDocumentos;Numero
dbo;VarejoControleEntregaDocumentos;OrdemItem
dbo;Veiculos;Chassi
dbo;VendaCancelada;CodEmpresa
dbo;VendaCancelada;Numero
dbo;VendaCancelada;Serie
dbo;VendaCanceladaProdutos;CodEmpresa
dbo;VendaCanceladaProdutos;Numero
dbo;VendaCanceladaProdutos;OrdemItem
dbo;VendaCanceladaProdutos;Serie
dbo;VendedorAutorizacaoDesconto;NumRegistro
dbo;VendedorComissaoProduto;CodProduto
dbo;VendedorComissaoProduto;CodVendedor
dbo;VendedorDescontoComissao;NumLancamento
dbo;Vendedores;CodVendedor
dbo;VendedoresConfiguracaoVariavel;CodVendedor
dbo;VendedoresConfiguracaoVariavel;NomeVariavel
dbo;VendedoresCotas;CodGrupo
dbo;VendedoresCotas;CodProduto
dbo;VendedoresCotas;CodVendedor
dbo;VendedoresCotas;Inicio
dbo;VendedoresCotas;Semana
dbo;VendedoresCotas;Termino
dbo;VendedoresCotas;AnoMes
dbo;VendedoresCotas;CodEmpresa
dbo;VendedoresLimiteDesconto;CodVendedor
dbo;VendedoresLimiteDesconto;Ordem
dbo;VendedoresMensagem;NumRegistro
dbo;VendedorProdutosPalm;CodEmpresa
dbo;VendedorProdutosPalm;CodProduto
dbo;VendedorProdutosPalm;CodVendedor
dbo;VisitasPalm;Controle
dbo;WebServiceNFe;CodWS
dbo;WMSAreaArmazenagemWMSProduto;CodAreaArmazenagem
dbo;WMSAreaArmazenagemWMSProduto;CodProduto
dbo;WMSCargaEntrada;CodCarga
dbo;WMSCargaEntrada;CodEmpresa
dbo;WMSCargaEntradaItensConferencia;CodCarga
dbo;WMSCargaEntradaItensConferencia;CodDigitado
dbo;WMSCargaEntradaItensConferencia;CodEmpresa
dbo;WMSCargaEntradaNotas;CodCarga
dbo;WMSCargaEntradaNotas;CodCredor
dbo;WMSCargaEntradaNotas;CodEmpresa
dbo;WMSCargaEntradaNotas;Numero
dbo;WMSCargaEntradaNotaSaida;CodCarga
dbo;WMSCargaEntradaNotaSaida;CodEmpresa
dbo;WMSCargaEntradaNotaSaida;Numero
dbo;WMSCargaEntradaNotaSaidaItens;CodCarga
dbo;WMSCargaEntradaNotaSaidaItens;CodDigitado
dbo;WMSCargaEntradaNotaSaidaItens;CodEmpresa
dbo;WMSCargaEntradaNotaSaidaItens;Numero
dbo;WMSCargaEntradaNotaSaidaItens;OrdemItem
dbo;WMSCargaEntradaVeiculo;CodCarga
dbo;WMSCargaEntradaVeiculo;CodEmpresa
dbo;WMSCargaEntradaVeiculo;CodUsuarioConferente
dbo;WMSCargaEntradaVeiculo;PlacaVeiculo
dbo;WMSMotivoNaoConformidade;CodMotivoNaoConformidade
dbo;WMSMovimentoEstoque;CodEmpresa
dbo;WMSMovimentoEstoque;CodProduto
dbo;WMSMovimentoEstoque;FatorConversao
dbo;WMSMovimentoEstoque;IDEndereco
dbo;WMSMovimentoEstoque;NumeroOS
dbo;WMSMovimentoEstoque;NumLancamento
dbo;WMSMovimentoEstoque;NumLote
dbo;WMSMovimentoEstoque;Unidade
dbo;WMSOperacao;CodOperacao
dbo;WMSOperacaoFuncaoPessoal;CodFuncao
dbo;WMSOperacaoFuncaoPessoal;CodOperacao
dbo;WMSOrdemServico;CodEmpresa
dbo;WMSOrdemServico;NumeroOS
dbo;WMSOrdemServicoCargaEntrada;CodCarga
dbo;WMSOrdemServicoCargaEntrada;CodEmpresa
dbo;WMSOrdemServicoCargaEntrada;NumeroOS
dbo;WMSOrdemServicoConferenciaQuantidadePeso;CodEmpresa
dbo;WMSOrdemServicoConferenciaQuantidadePeso;CodProduto
dbo;WMSOrdemServicoConferenciaQuantidadePeso;Numero
dbo;WMSOrdemServicoConferenciaQuantidadePeso;NumeroOS
dbo;WMSOrdemServicoConferenciaQuantidadePeso;OrdemItem
dbo;WMSOrdemServicoExecucaoProdutos;CodEmpresa
dbo;WMSOrdemServicoExecucaoProdutos;FatorConversao
dbo;WMSOrdemServicoExecucaoProdutos;NumeroOS
dbo;WMSOrdemServicoExecucaoProdutos;NumLancamento
dbo;WMSOrdemServicoExecucaoProdutos;Unidade
dbo;WMSOrdemServicoExecucaoProdutos;CodDigitado
dbo;WMSOrdemServicoExecucaoProdutosDevolucao;CodDigitado
dbo;WMSOrdemServicoExecucaoProdutosDevolucao;CodEmpresa
dbo;WMSOrdemServicoExecucaoProdutosDevolucao;NumeroOS
dbo;WMSOrdemServicoExecucaoProdutosDevolucao;NumLancamento
dbo;WMSOrdemServicoExecucaoProdutosPesoVariavel;Unidade
dbo;WMSOrdemServicoExecucaoProdutosPesoVariavel;CodDigitado
dbo;WMSOrdemServicoExecucaoProdutosPesoVariavel;CodEmpresa
dbo;WMSOrdemServicoExecucaoProdutosPesoVariavel;FatorConversao
dbo;WMSOrdemServicoExecucaoProdutosPesoVariavel;NumeroOS
dbo;WMSOrdemServicoExecucaoProdutosPesoVariavel;NumLancamento
dbo;WMSOrdemServicoProdutos;CodEmpresa
dbo;WMSOrdemServicoProdutos;CodProduto
dbo;WMSOrdemServicoProdutos;NumeroOS
dbo;WMSOrdemServicoRelacionamento;CodEmpresa
dbo;WMSOrdemServicoRelacionamento;NumeroOS
dbo;WMSOrdemServicoRelacionamento;NumeroOSDestino
dbo;WMSProduto;CodProduto
dbo;WMSProdutoSKU;Unidade
dbo;WMSProdutoSKU;CodProduto
dbo;WMSProdutoSKU;FatorConversao
dbo;WMSProdutoSKUCodigoBarras;CodBarras
dbo;WMSProdutoSKUCodigoBarras;CodProduto
dbo;WMSProdutoSKUCodigoBarras;FatorConversao
dbo;WMSProdutoSKUCodigoBarras;Unidade
dbo;WMSTipoEndereco;CodTipoEndereco
dbo;WMSTipoOS;CodTipoOS
dbo;WMSTipoOSFuncaoPessoal;CodFuncao
dbo;WMSTipoOSFuncaoPessoal;CodTipoOS
dbo;WMSUnitizador;CodUnitizador
